Information security manual,
Guidelines for cybersecurity roles,Board of directors and executive committee,"Embedding cybersecurity",ism-1997,0,Mar-25,yes,yes,yes,yes,yes,no,no,no,"The board of directors or executive committee defines clear roles and responsibilities for cybersecurity both within the board of directors or executive committee and broadly within their organisation."
Guidelines for cybersecurity roles,Board of directors and executive committee,"Embedding cybersecurity",ism-1998,0,Mar-25,yes,yes,yes,yes,yes,no,no,no,"The board of directors or executive committee ensures that cybersecurity is integrated throughout all business functions within their organisation."
Guidelines for cybersecurity roles,Board of directors and executive committee,"Embedding cybersecurity",ism-1999,0,Mar-25,yes,yes,yes,yes,yes,no,no,no,"The board of directors or executive committee ensures the cybersecurity strategy for their organisation is aligned with the overarching strategic direction and business strategy for their organisation."
Guidelines for cybersecurity roles,Board of directors and executive committee,"Embedding cybersecurity",ism-2000,0,Mar-25,yes,yes,yes,yes,yes,no,no,no,"The board of directors or executive committee seeks regular briefings or reporting on the cybersecurity posture of their organisation, as well as the threat environment in which they operate, from internal and external subject matter experts."
Guidelines for cybersecurity roles,Board of directors and executive committee,"Championing a positive cybersecurity culture",ism-2001,0,Mar-25,yes,yes,yes,yes,yes,no,no,no,"The board of directors or executive committee champions a positive cybersecurity culture within their organisation, including through leading by example."
Guidelines for cybersecurity roles,Board of directors and executive committee,"Building cybersecurity expertise",ism-2002,0,Mar-25,yes,yes,yes,yes,yes,no,no,no,"The board of directors or executive committee maintains a sufficient level of cybersecurity literacy to fulfil both their fiduciary duties and any legislative or regulatory obligations."
Guidelines for cybersecurity roles,Board of directors and executive committee,"Building cybersecurity expertise",ism-2003,0,Mar-25,yes,yes,yes,yes,yes,no,no,no,"The board of directors or executive committee maintains awareness of key cybersecurity recruitment activities, retention rates for cybersecurity personnel, and cybersecurity skills and experience gaps within their organisation."
Guidelines for cybersecurity roles,Board of directors and executive committee,"Building cybersecurity expertise",ism-2004,0,Mar-25,yes,yes,yes,yes,yes,no,no,no,"The board of directors or executive committee supports the development of cybersecurity skills and experience for all personnel via internal and external cybersecurity awareness raising and training opportunities."
Guidelines for cybersecurity roles,Board of directors and executive committee,"Identifying critical business assets",ism-2005,1,Jun-25,yes,yes,yes,yes,yes,no,no,no,"The board of directors or executive committee understands the business criticality of their organisation’s systems, including at least a basic understanding of what exists, their value, where they reside, who has access, who might seek access, how they are protected, and how that protection is verified."
Guidelines for cybersecurity roles,Board of directors and executive committee,"Planning for major cybersecurity incidents",ism-2006,0,Mar-25,yes,yes,yes,yes,yes,no,no,no,"The board of directors or executive committee plans for major cybersecurity incidents, including by participating in exercises, and understand their duties in relation to such cybersecurity incidents."
Guidelines for cybersecurity roles,Chief information security officer,"Providing cybersecurity leadership and guidance",ism-0714,7,Mar-25,yes,yes,yes,yes,yes,no,no,no,"A CISO is appointed to provide cybersecurity leadership and guidance for their organisation (covering information technology and operational technology)."
Guidelines for cybersecurity roles,Chief information security officer,"Overseeing the cybersecurity program",ism-1478,2,Mar-25,yes,yes,yes,yes,yes,no,no,no,"The CISO oversees their organisation’s cybersecurity program and ensures their organisation’s compliance with cybersecurity policy, standards, regulations and legislation."
Guidelines for cybersecurity roles,Chief information security officer,"Overseeing the cybersecurity program",ism-1617,1,Mar-25,yes,yes,yes,yes,yes,no,no,no,"The CISO regularly reviews and updates their organisation’s cybersecurity program to ensure its relevance in addressing cyberthreats and harnessing business and cybersecurity opportunities."
Guidelines for cybersecurity roles,Chief information security officer,"Overseeing the cybersecurity program",ism-1966,0,Dec-24,yes,yes,yes,yes,yes,no,no,no,"The CISO develops, implements, maintains and verifies on a regular basis a register of systems used by their organisation."
Guidelines for cybersecurity roles,Chief information security officer,"Overseeing the cybersecurity program",ism-0724,3,Mar-25,yes,yes,yes,yes,yes,no,no,no,"The CISO implements cybersecurity measurement metrics and key performance indicators for their organisation."
Guidelines for cybersecurity roles,Chief information security officer,"Coordinating cybersecurity",ism-0725,4,Mar-25,yes,yes,yes,yes,yes,no,no,no,"The CISO coordinates cybersecurity and business alignment through a cybersecurity steering committee or advisory board, comprising of key cybersecurity and business executives, which meets formally and on a regular basis."
Guidelines for cybersecurity roles,Chief information security officer,"Coordinating cybersecurity",ism-0726,3,Mar-25,yes,yes,yes,yes,yes,no,no,no,"The CISO coordinates security risk management activities between cybersecurity and business teams."
Guidelines for cybersecurity roles,Chief information security officer,"Reporting on cybersecurity",ism-0718,5,Mar-25,yes,yes,yes,yes,yes,no,no,no,"The CISO regularly reports directly to their organisation’s board of directors or executive committee on cybersecurity matters."
Guidelines for cybersecurity roles,Chief information security officer,"Reporting on cybersecurity",ism-1918,1,Mar-25,yes,yes,yes,yes,yes,no,no,no,"The CISO regularly reports directly to their organisation’s audit, risk and compliance committee (or equivalent) on cybersecurity matters."
Guidelines for cybersecurity roles,Chief information security officer,"Overseeing cybersecurity incident response activities",ism-0733,3,Mar-25,yes,yes,yes,yes,yes,no,no,no,"The CISO is fully aware of all cybersecurity incidents within their organisation."
Guidelines for cybersecurity roles,Chief information security officer,"Overseeing cybersecurity incident response activities",ism-1618,1,Mar-25,yes,yes,yes,yes,yes,no,no,no,"The CISO oversees their organisation’s response to cybersecurity incidents."
Guidelines for cybersecurity roles,Chief information security officer,"Contributing to business continuity and disaster recovery planning",ism-0734,4,Sep-23,yes,yes,yes,yes,yes,no,no,no,"The CISO contributes to the development, implementation and maintenance of business continuity and disaster recovery plans for their organisation to ensure that business-critical services are supported appropriately in the event of a disaster."
Guidelines for cybersecurity roles,Chief information security officer,"Communicating a cybersecurity vision and strategy",ism-0720,4,Mar-25,yes,yes,yes,yes,yes,no,no,no,"The CISO oversees the development, implementation and maintenance of a cybersecurity communications strategy to assist in communicating the cybersecurity vision and strategy for their organisation."
Guidelines for cybersecurity roles,Chief information security officer,"Working with suppliers",ism-0731,2,Oct-20,yes,yes,yes,yes,yes,no,no,no,"The CISO oversees cyber supply chain risk management activities for their organisation."
Guidelines for cybersecurity roles,Chief information security officer,"Receiving and managing a dedicated cybersecurity budget",ism-0732,3,Mar-25,yes,yes,yes,yes,yes,no,no,no,"The CISO receives and manages a dedicated cybersecurity budget for their organisation."
Guidelines for cybersecurity roles,Chief information security officer,"Overseeing cybersecurity personnel",ism-0717,3,Mar-25,yes,yes,yes,yes,yes,no,no,no,"The CISO oversees the management of cybersecurity personnel within their organisation."
Guidelines for cybersecurity roles,Chief information security officer,"Overseeing cybersecurity personnel",ism-2020,0,Jun-25,yes,yes,yes,yes,yes,no,no,no,"The CISO ensures sufficient cybersecurity personnel, with the right skills and experience, are acquired to support cybersecurity activities within their organisation."
Guidelines for cybersecurity roles,Chief information security officer,"Overseeing cybersecurity awareness training",ism-0735,4,Mar-25,yes,yes,yes,yes,yes,no,no,no,"The CISO oversees the development, implementation and maintenance of their organisation’s cybersecurity awareness training program."
Guidelines for cybersecurity roles,System owners,"System ownership and oversight",ism-1071,1,Sep-18,yes,yes,yes,yes,yes,no,no,no,"Each system has a designated system owner."
Guidelines for cybersecurity roles,System owners,"System ownership and oversight",ism-1525,1,Jan-21,yes,yes,yes,yes,yes,no,no,no,"System owners register each system with its authorising officer."
Guidelines for cybersecurity roles,System owners,"Protecting systems and their resources",ism-1633,1,Mar-25,yes,yes,yes,yes,yes,no,no,no,"System owners, in consultation with each system’s authorising officer, determine the system boundary, business criticality and security objectives for each system based on an assessment of the impact if it were to be compromised."
Guidelines for cybersecurity roles,System owners,"Protecting systems and their resources",ism-1203,1,Jun-25,yes,yes,yes,yes,yes,no,no,no,"System owners, in consultation with each system’s authorising officer, conduct a threat and risk assessment for each system."
Guidelines for cybersecurity roles,System owners,"Protecting systems and their resources",ism-1634,2,Mar-25,yes,yes,yes,yes,yes,no,no,no,"System owners, in consultation with each system’s authorising officer, select controls for each system and tailor them to achieve desired security objectives."
Guidelines for cybersecurity roles,System owners,"Protecting systems and their resources",ism-0009,4,Jun-25,yes,yes,yes,yes,yes,no,no,no,"System owners, in consultation with each system’s authorising officer, identify any supplementary controls required based upon the unique nature of each system, its operating environment and the organisation’s risk tolerances."
Guidelines for cybersecurity roles,System owners,"Protecting systems and their resources",ism-1635,2,Jun-22,yes,yes,yes,yes,yes,no,no,no,"System owners implement controls for each system and its operating environment."
Guidelines for cybersecurity roles,System owners,"Protecting systems and their resources",ism-1636,3,Mar-25,yes,yes,yes,yes,no,no,no,no,"System owners, in consultation with each system’s authorising officer, ensure controls for each non-classified, OFFICIAL: Sensitive, PROTECTED and SECRET system and its operating environment undergo a security assessment by their organisation’s own assessors or Infosec Registered Assessor Program (IRAP) assessors to determine if they have been implemented correctly and are operating as intended."
Guidelines for cybersecurity roles,System owners,"Protecting systems and their resources",ism-1967,1,Mar-25,no,no,no,no,yes,no,no,no,"System owners, in consultation with each system’s authorising officer, ensure controls for each TOP SECRET system and its operating environment, including each sensitive compartmented information system and its operating environment, undergo a security assessment by ASD assessors (or their delegates) to determine if they have been implemented correctly and are operating as intended."
Guidelines for cybersecurity roles,System owners,"Protecting systems and their resources",ism-0027,5,Dec-24,yes,yes,yes,yes,no,no,no,no,"System owners obtain authorisation to operate each non-classified, OFFICIAL: Sensitive, PROTECTED and SECRET system from its authorising officer based on the acceptance of the security risks associated with its operation."
Guidelines for cybersecurity roles,System owners,"Protecting systems and their resources",ism-1968,0,Dec-24,no,no,no,no,yes,no,no,no,"System owners obtain authorisation to operate each TOP SECRET system, including each sensitive compartmented information system, from Director-General ASD (or their delegate) based on the acceptance of the security risks associated with its operation."
Guidelines for cybersecurity roles,System owners,"Protecting systems and their resources",ism-1526,3,Mar-25,yes,yes,yes,yes,yes,no,no,no,"System owners monitor each system, and associated cyberthreats, security risks and controls, on an ongoing basis."
Guidelines for cybersecurity roles,System owners,"Protecting systems and their resources",ism-2021,0,Jun-25,yes,yes,yes,yes,yes,no,no,no,"System owners implement and maintain data minimisation practices for each of their systems."
Guidelines for cybersecurity roles,System owners,"Annual reporting of system security status",ism-1587,0,Aug-20,yes,yes,yes,yes,yes,no,no,no,"System owners report the security status of each system to its authorising officer at least annually."
Guidelines for cybersecurity incidents,Managing cybersecurity incidents,"Cybersecurity incident management policy",ism-0576,11,Mar-25,yes,yes,yes,yes,yes,no,no,no,"A cybersecurity incident management policy, and associated cybersecurity incident response plan, is developed, implemented and maintained."
Guidelines for cybersecurity incidents,Managing cybersecurity incidents,"Cybersecurity incident management policy",ism-1784,2,Mar-25,yes,yes,yes,yes,yes,no,no,no,"The cybersecurity incident management policy, including the associated cybersecurity incident response plan, is exercised at least annually."
Guidelines for cybersecurity incidents,Managing cybersecurity incidents,"Cybersecurity incident register",ism-0125,7,Mar-25,yes,yes,yes,yes,yes,no,no,no,"A cybersecurity incident register is developed, implemented and maintained."
Guidelines for cybersecurity incidents,Managing cybersecurity incidents,"Cybersecurity incident register",ism-1803,1,Mar-25,yes,yes,yes,yes,yes,no,no,no,"A cybersecurity incident register contains the following for each cybersecurity incident:

- the date the cybersecurity incident occurred
- the date the cybersecurity incident was discovered
- a description of the cybersecurity incident
- any actions taken in response to the cybersecurity incident
- to whom the cybersecurity incident was reported."
Guidelines for cybersecurity incidents,Managing cybersecurity incidents,"Insider threat mitigation program",ism-1625,2,Jun-24,yes,yes,yes,yes,yes,no,no,no,"An insider threat mitigation program is developed, implemented and maintained."
Guidelines for cybersecurity incidents,Managing cybersecurity incidents,"Insider threat mitigation program",ism-1626,1,Jun-24,yes,yes,yes,yes,yes,no,no,no,"Legal advice is sought regarding the development and implementation of an insider threat mitigation program."
Guidelines for cybersecurity incidents,Managing cybersecurity incidents,"Access to sufficient data sources and tools",ism-0120,6,Mar-25,yes,yes,yes,yes,yes,no,no,no,"Cybersecurity personnel have access to sufficient data sources and tools to ensure that systems can be monitored for key indicators of compromise."
Guidelines for cybersecurity incidents,Managing cybersecurity incidents,"Reporting cybersecurity incidents",ism-0123,5,Mar-25,yes,yes,yes,yes,yes,no,no,no,"Cybersecurity incidents are reported to the chief information security officer, or one of their delegates, as soon as possible after they occur or are discovered."
Guidelines for cybersecurity incidents,Managing cybersecurity incidents,"Reporting cybersecurity incidents to ASD",ism-0140,9,Mar-25,yes,yes,yes,yes,yes,no,no,no,"Cybersecurity incidents are reported to ASD as soon as possible after they occur or are discovered."
Guidelines for cybersecurity incidents,Managing cybersecurity incidents,"Reporting cybersecurity incidents to customers and the public",ism-1880,1,Mar-25,yes,yes,yes,yes,yes,no,no,no,"Cybersecurity incidents that involve customer data are reported to customers and the public in a timely manner after they occur or are discovered."
Guidelines for cybersecurity incidents,Managing cybersecurity incidents,"Reporting cybersecurity incidents to customers and the public",ism-1881,1,Mar-25,yes,yes,yes,yes,yes,no,no,no,"Cybersecurity incidents that do not involve customer data are reported to customers and the public in a timely manner after they occur or are discovered."
Guidelines for cybersecurity incidents,Responding to cybersecurity incidents,"Enacting cybersecurity incident response plans",ism-1819,3,Mar-25,yes,yes,yes,yes,yes,no,no,no,"Following the identification of a cybersecurity incident, the cybersecurity incident response plan is enacted."
Guidelines for cybersecurity incidents,Responding to cybersecurity incidents,"Handling and containing data spills",ism-0133,2,Jun-21,yes,yes,yes,yes,yes,no,no,no,"When a data spill occurs, data owners are advised and access to the data is restricted."
Guidelines for cybersecurity incidents,Responding to cybersecurity incidents,"Handling and containing malicious code infections",ism-0917,8,Jun-25,yes,yes,yes,yes,yes,no,no,no,"When malicious code is detected, the following steps are taken to handle the infection:

- the infected systems are isolated
- all previously connected media used in the period leading up to the infection are scanned for signs of infection and isolated if necessary
- antivirus applications are used to remove the infection from infected systems and media
- if the infection cannot be reliably removed, systems are restored from a known good backup or rebuilt."
Guidelines for cybersecurity incidents,Responding to cybersecurity incidents,"Handling and containing malicious code infections",ism-1969,0,Dec-24,yes,yes,yes,yes,yes,no,no,no,"Malicious code, when stored or communicated, is treated beforehand to prevent accidental execution."
Guidelines for cybersecurity incidents,Responding to cybersecurity incidents,"Handling and containing malicious code infections",ism-1970,1,Mar-25,yes,yes,yes,yes,yes,no,no,no,"Malicious code processed for cybersecurity incident response or research purposes is done so in a dedicated analysis environment that is segregated from other systems."
Guidelines for cybersecurity incidents,Responding to cybersecurity incidents,"Handling and containing intrusions",ism-0137,4,Dec-21,yes,yes,yes,yes,yes,no,no,no,"Legal advice is sought before allowing intrusion activity to continue on a system for the purpose of collecting further data or evidence."
Guidelines for cybersecurity incidents,Responding to cybersecurity incidents,"Handling and containing intrusions",ism-1609,2,Dec-21,yes,yes,yes,yes,yes,no,no,no,"System owners are consulted before allowing intrusion activity to continue on a system for the purpose of collecting further data or evidence."
Guidelines for cybersecurity incidents,Responding to cybersecurity incidents,"Handling and containing intrusions",ism-1731,0,Dec-21,yes,yes,yes,yes,yes,no,no,no,"Planning and coordination of intrusion remediation activities are conducted on a separate system to that which has been compromised."
Guidelines for cybersecurity incidents,Responding to cybersecurity incidents,"Handling and containing intrusions",ism-1732,0,Dec-21,yes,yes,yes,yes,yes,no,no,no,"To the extent possible, all intrusion remediation activities are conducted in a coordinated manner during the same planned outage."
Guidelines for cybersecurity incidents,Responding to cybersecurity incidents,"Handling and containing intrusions",ism-1213,3,Sep-23,yes,yes,yes,yes,yes,no,no,no,"Following intrusion remediation activities, full network traffic is captured for at least seven days and analysed to determine whether malicious actors have been successfully removed from the system."
Guidelines for cybersecurity incidents,Responding to cybersecurity incidents,"Maintaining the integrity of evidence",ism-0138,5,Mar-23,yes,yes,yes,yes,yes,no,no,no,"The integrity of evidence gathered during an investigation is maintained by investigators:

- recording all of their actions
- maintaining a proper chain of custody
- following all instructions provided by relevant law enforcement agencies."
Guidelines for procurement and outsourcing,Cyber supply chain risk management,"Cyber supply chain risk management activities",ism-1631,4,Jun-25,yes,yes,yes,yes,yes,no,no,no,"Suppliers of operating systems, applications, IT equipment, OT equipment and services associated with systems are identified."
Guidelines for procurement and outsourcing,Cyber supply chain risk management,"Cyber supply chain risk management activities",ism-1452,6,Jun-25,yes,yes,yes,yes,yes,no,no,no,"A supply chain risk assessment is performed for suppliers of operating systems, applications, IT equipment, OT equipment and services in order to assess the impact to a system’s security risk profile."
Guidelines for procurement and outsourcing,Cyber supply chain risk management,"Cyber supply chain risk management activities",ism-1567,2,Sep-22,yes,yes,yes,yes,yes,no,no,no,"Suppliers identified as high risk by a cyber supply chain risk assessment are not used."
Guidelines for procurement and outsourcing,Cyber supply chain risk management,"Cyber supply chain risk management activities",ism-1568,7,Jun-25,yes,yes,yes,yes,yes,no,no,no,"Operating systems, applications, IT equipment, OT equipment and services are procured from suppliers that have demonstrated a commitment to the security of their products and services."
Guidelines for procurement and outsourcing,Cyber supply chain risk management,"Cyber supply chain risk management activities",ism-1882,3,Jun-25,yes,yes,yes,yes,yes,no,no,no,"Operating systems, applications, IT equipment, OT equipment and services are procured from suppliers that have demonstrated a commitment to transparency for their products and services."
Guidelines for procurement and outsourcing,Cyber supply chain risk management,"Cyber supply chain risk management activities",ism-1632,6,Jun-25,yes,yes,yes,yes,yes,no,no,no,"Operating systems, applications, IT equipment, OT equipment and services are procured from suppliers that have a strong track record of maintaining the security of their own systems."
Guidelines for procurement and outsourcing,Cyber supply chain risk management,"Cyber supply chain risk management activities",ism-1569,2,Sep-22,yes,yes,yes,yes,yes,no,no,no,"A shared responsibility model is created, documented and shared between suppliers and their customers in order to articulate the security responsibilities of each party."
Guidelines for procurement and outsourcing,Cyber supply chain risk management,"Supplier relationship management",ism-1785,1,Dec-22,yes,yes,yes,yes,yes,no,no,no,"A supplier relationship management policy is developed, implemented and maintained."
Guidelines for procurement and outsourcing,Cyber supply chain risk management,"Supplier relationship management",ism-1786,1,Dec-22,yes,yes,yes,yes,yes,no,no,no,"An approved supplier list is developed, implemented and maintained."
Guidelines for procurement and outsourcing,Cyber supply chain risk management,"Sourcing operating systems, applications, IT equipment, OT equipment and services",ism-1787,3,Jun-25,yes,yes,yes,yes,yes,no,no,no,"Operating systems, applications, IT equipment, OT equipment and services are sourced from approved suppliers."
Guidelines for procurement and outsourcing,Cyber supply chain risk management,"Sourcing operating systems, applications, IT equipment, OT equipment and services",ism-1788,3,Jun-25,yes,yes,yes,yes,yes,no,no,no,"Multiple potential suppliers are identified for sourcing critical operating systems, applications, IT equipment, OT equipment and services."
Guidelines for procurement and outsourcing,Cyber supply chain risk management,"Sourcing operating systems, applications, IT equipment, OT equipment and services",ism-1789,2,Jun-24,yes,yes,yes,yes,yes,no,no,no,"Sufficient spares of critical IT equipment and OT equipment are sourced and kept in reserve."
Guidelines for procurement and outsourcing,Cyber supply chain risk management,"Delivery of operating systems, applications, IT equipment, OT equipment and services",ism-1790,2,Jun-25,yes,yes,yes,yes,yes,no,no,no,"Operating systems, applications, IT equipment, OT equipment and services are delivered in a manner that maintains their integrity."
Guidelines for procurement and outsourcing,Cyber supply chain risk management,"Delivery of operating systems, applications, IT equipment, OT equipment and services",ism-1791,2,Jun-25,yes,yes,yes,yes,yes,no,no,no,"The integrity of operating systems, applications, IT equipment, OT equipment and services are assessed as part of acceptance of products and services."
Guidelines for procurement and outsourcing,Cyber supply chain risk management,"Delivery of operating systems, applications, IT equipment, OT equipment and services",ism-1792,2,Jun-25,yes,yes,yes,yes,yes,no,no,no,"The authenticity of operating systems, applications, IT equipment, OT equipment and services are assessed as part of acceptance of products and services."
Guidelines for procurement and outsourcing,Managed services and cloud services,"Managed services",ism-1736,1,Dec-22,yes,yes,yes,yes,yes,no,no,no,"A managed service register is developed, implemented, maintained and verified on a regular basis."
Guidelines for procurement and outsourcing,Managed services and cloud services,"Managed services",ism-1737,1,Sep-22,yes,yes,yes,yes,yes,no,no,no,"A managed service register contains the following for each managed service:

- managed service provider’s name
- managed service’s name
- purpose for using the managed service
- sensitivity or classification of data involved
- due date for the next security assessment of the managed service
- contractual arrangements for the managed service
- point of contact for users of the managed service
- 24/7 contact details for the managed service provider."
Guidelines for procurement and outsourcing,Managed services and cloud services,"Assessment of managed service providers",ism-1793,1,Dec-24,yes,yes,yes,yes,no,no,no,no,"Managed service providers and their non-classified, OFFICIAL: Sensitive, PROTECTED and SECRET managed services undergo an Infosec Registered Assessor Program (IRAP) assessment, using the latest release of the ISM available prior to the beginning of the IRAP assessment (or a subsequent release), at least every 24 months."
Guidelines for procurement and outsourcing,Managed services and cloud services,"Assessment of managed service providers",ism-1971,0,Dec-24,no,no,no,no,yes,no,no,no,"Managed service providers and their TOP SECRET managed services, including sensitive compartmented information managed services, undergo a security assessment by ASD assessors (or their delegates), using the latest release of the ISM available prior to the beginning of the security assessment (or a subsequent release), at least every 24 months."
Guidelines for procurement and outsourcing,Managed services and cloud services,"Outsourced cloud services",ism-1637,2,Dec-22,yes,yes,yes,yes,yes,no,no,no,"An outsourced cloud service register is developed, implemented, maintained and verified on a regular basis."
Guidelines for procurement and outsourcing,Managed services and cloud services,"Outsourced cloud services",ism-1638,3,Sep-22,yes,yes,yes,yes,yes,no,no,no,"An outsourced cloud service register contains the following for each outsourced cloud service:

- cloud service provider’s name
- cloud service’s name
- purpose for using the cloud service
- sensitivity or classification of data involved
- due date for the next security assessment of the cloud service
- contractual arrangements for the cloud service
- point of contact for users of the cloud service
- 24/7 contact details for the cloud service provider."
Guidelines for procurement and outsourcing,Managed services and cloud services,"Outsourced cloud services",ism-1529,2,Dec-21,no,no,no,yes,yes,no,no,no,"Only community or private clouds are used for outsourced SECRET and TOP SECRET cloud services."
Guidelines for procurement and outsourcing,Managed services and cloud services,"Assessment of outsourced cloud service providers",ism-1570,2,Dec-24,yes,yes,yes,yes,no,no,no,no,"Outsourced cloud service providers and their non-classified, OFFICIAL: Sensitive, PROTECTED and SECRET cloud services undergo an IRAP assessment, using the latest release of the ISM available prior to the beginning of the IRAP assessment (or a subsequent release), at least every 24 months."
Guidelines for procurement and outsourcing,Managed services and cloud services,"Assessment of outsourced cloud service providers",ism-1972,0,Dec-24,no,no,no,no,yes,no,no,no,"Outsourced cloud service providers and their TOP SECRET cloud services, including sensitive compartmented information cloud services, undergo a security assessment by ASD assessors (or their delegates), using the latest release of the ISM available prior to the beginning of the security assessment (or a subsequent release), at least every 24 months."
Guidelines for procurement and outsourcing,Managed services and cloud services,"Contractual security requirements with service providers",ism-1395,7,Dec-22,yes,yes,yes,yes,yes,no,no,no,"Service providers, including any subcontractors, provide an appropriate level of protection for any data entrusted to them or their services."
Guidelines for procurement and outsourcing,Managed services and cloud services,"Contractual security requirements with service providers",ism-0072,9,Dec-22,yes,yes,yes,yes,yes,no,no,no,"Security requirements associated with the confidentiality, integrity and availability of data are documented in contractual arrangements with service providers and reviewed on a regular and ongoing basis to ensure they remain fit for purpose."
Guidelines for procurement and outsourcing,Managed services and cloud services,"Contractual security requirements with service providers",ism-1571,3,Dec-22,yes,yes,yes,yes,yes,no,no,no,"The right to verify compliance with security requirements is documented in contractual arrangements with service providers."
Guidelines for procurement and outsourcing,Managed services and cloud services,"Contractual security requirements with service providers",ism-1738,1,Dec-22,yes,yes,yes,yes,yes,no,no,no,"The right to verify compliance with security requirements documented in contractual arrangements with service providers is exercised on a regular and ongoing basis."
Guidelines for procurement and outsourcing,Managed services and cloud services,"Contractual security requirements with service providers",ism-1804,0,Dec-22,yes,yes,yes,yes,yes,no,no,no,"Break clauses associated with failure to meet security requirements are documented in contractual arrangements with service providers."
Guidelines for procurement and outsourcing,Managed services and cloud services,"Contractual security requirements with service providers",ism-0141,8,Mar-25,yes,yes,yes,yes,yes,no,no,no,"The requirement for service providers to report cybersecurity incidents to a designated point of contact as soon as possible after they occur or are discovered is documented in contractual arrangements with service providers."
Guidelines for procurement and outsourcing,Managed services and cloud services,"Contractual security requirements with service providers",ism-1794,1,Dec-22,yes,yes,yes,yes,yes,no,no,no,"A minimum notification period of one month by service providers for significant changes to their own service provider arrangements is documented in contractual arrangements with service providers."
Guidelines for procurement and outsourcing,Managed services and cloud services,"Contractual security requirements with service providers",ism-1451,4,Dec-22,yes,yes,yes,yes,yes,no,no,no,"Types of data and its ownership is documented in contractual arrangements with service providers."
Guidelines for procurement and outsourcing,Managed services and cloud services,"Contractual security requirements with service providers",ism-1572,3,Jun-23,yes,yes,yes,yes,yes,no,no,no,"The regions or availability zones where data will be processed, stored and communicated, as well as a minimum notification period for any configuration changes, is documented in contractual arrangements with service providers."
Guidelines for procurement and outsourcing,Managed services and cloud services,"Contractual security requirements with service providers",ism-1573,3,Dec-22,yes,yes,yes,yes,yes,no,no,no,"Access to all logs relating to an organisation’s data and services is documented in contractual arrangements with service providers."
Guidelines for procurement and outsourcing,Managed services and cloud services,"Contractual security requirements with service providers",ism-1574,3,Dec-22,yes,yes,yes,yes,yes,no,no,no,"The storage of data in a portable manner that allows for backups, service migration and service decommissioning without any loss of data is documented in contractual arrangements with service providers."
Guidelines for procurement and outsourcing,Managed services and cloud services,"Contractual security requirements with service providers",ism-1575,1,Dec-22,yes,yes,yes,yes,yes,no,no,no,"A minimum notification period of one month for the cessation of any services by a service provider is documented in contractual arrangements with service providers."
Guidelines for procurement and outsourcing,Managed services and cloud services,"Access to systems by service providers",ism-1073,7,Jun-25,yes,yes,yes,yes,yes,no,no,no,"An organisation’s systems are not accessed or administered by a service provider unless a contractual arrangement exists between the organisation and the service provider to do so."
Guidelines for procurement and outsourcing,Managed services and cloud services,"Access to systems by service providers",ism-1576,4,Jun-25,yes,yes,yes,yes,yes,no,no,no,"If an organisation’s systems are accessed or administered by a service provider in an unauthorised manner, the organisation is immediately notified."
Guidelines for cybersecurity documentation,Development and maintenance of cybersecurity documentation,"Cybersecurity strategy",ism-0039,7,Mar-25,yes,yes,yes,yes,yes,no,no,no,"A cybersecurity strategy is developed, implemented and maintained."
Guidelines for cybersecurity documentation,Development and maintenance of cybersecurity documentation,"Approval of cybersecurity documentation",ism-0047,5,Mar-25,yes,yes,yes,yes,yes,no,no,no,"Organisational-level cybersecurity documentation is approved by the chief information security officer while system-specific cybersecurity documentation is approved by the system’s authorising officer."
Guidelines for cybersecurity documentation,Development and maintenance of cybersecurity documentation,"Approval of cybersecurity documentation",ism-1739,0,Mar-22,yes,yes,yes,yes,yes,no,no,no,"A system’s security architecture is approved prior to the development of the system."
Guidelines for cybersecurity documentation,Development and maintenance of cybersecurity documentation,"Maintenance of cybersecurity documentation",ism-0888,6,Mar-25,yes,yes,yes,yes,yes,no,no,no,"Cybersecurity documentation is reviewed at least annually and includes a ‘current as at \[date\]’ or equivalent statement."
Guidelines for cybersecurity documentation,Development and maintenance of cybersecurity documentation,"Communication of cybersecurity documentation",ism-1602,1,Mar-25,yes,yes,yes,yes,yes,no,no,no,"Cybersecurity documentation, including notification of subsequent changes, is communicated to all stakeholders."
Guidelines for cybersecurity documentation,System-specific cybersecurity documentation,"System security plan",ism-0041,6,Jun-24,yes,yes,yes,yes,yes,no,no,no,"Systems have a system security plan that includes an overview of the system (covering the system’s purpose, the system boundary and how the system is managed) as well as an annex that covers applicable controls from this document and any additional controls that have been identified and implemented."
Guidelines for cybersecurity documentation,System-specific cybersecurity documentation,"Cybersecurity incident response plan",ism-0043,6,Mar-25,yes,yes,yes,yes,yes,no,no,no,"Systems have a cybersecurity incident response plan that covers the following:

- guidelines on what constitutes a cybersecurity incident
- the types of cybersecurity incidents likely to be encountered and the expected response to each type
- how to report cybersecurity incidents, internally to an organisation and externally to relevant authorities
- other parties which need to be informed in the event of a cybersecurity incident
- the authority, or authorities, responsible for investigating and responding to cybersecurity incidents
- the criteria by which an investigation of a cybersecurity incident would be requested from a law enforcement agency, the Australian Signals Directorate or other relevant authority
- the steps necessary to ensure the integrity of evidence relating to a cybersecurity incident
- system contingency measures or a reference to such details if they are located in a separate document."
Guidelines for cybersecurity documentation,System-specific cybersecurity documentation,"Change and configuration management plan",ism-0912,6,Jun-25,yes,yes,yes,yes,yes,no,no,no,"Systems have a change and configuration management plan that includes:

- the establishment and maintenance of authorised baseline configurations for systems
- what constitutes routine and urgent changes to the configuration of systems
- how changes to the configuration of systems will be requested, tracked and documented
- who needs to be consulted prior to routine and urgent changes to the configuration of systems
- who needs to approve routine and urgent changes to the configuration of systems
- who needs to be notified of routine and urgent changes to the configuration of systems
- what additional change management and configuration management processes and procedures need to be followed before, during and after routine and urgent changes to the configuration of systems."
Guidelines for cybersecurity documentation,System-specific cybersecurity documentation,"Continuous monitoring plan",ism-1163,10,Sep-23,yes,yes,yes,yes,yes,no,no,no,"Systems have a continuous monitoring plan that includes:

- conducting vulnerability scans for systems at least fortnightly
- conducting vulnerability assessments and penetration tests for systems prior to deployment, including prior to deployment of significant changes, and at least annually thereafter
- analysing identified vulnerabilities to determine their potential impact
- implementing mitigations based on risk, effectiveness and cost."
Guidelines for cybersecurity documentation,System-specific cybersecurity documentation,"Security assessment report",ism-1563,1,Jun-22,yes,yes,yes,yes,yes,no,no,no,"At the conclusion of a security assessment for a system, a security assessment report is produced by the assessor and covers:

- the scope of the security assessment
- the system’s strengths and weaknesses
- security risks associated with the operation of the system
- the effectiveness of the implementation of controls
- any recommended remediation actions."
Guidelines for cybersecurity documentation,System-specific cybersecurity documentation,"Plan of action and milestones",ism-1564,0,May-20,yes,yes,yes,yes,yes,no,no,no,"At the conclusion of a security assessment for a system, a plan of action and milestones is produced by the system owner."
Guidelines for physical security,Facilities and systems,"Physical access to systems",ism-1973,0,Dec-24,yes,no,no,no,no,no,no,no,"Non-classified systems are secured in suitably secure facilities."
Guidelines for physical security,Facilities and systems,"Physical access to systems",ism-0810,7,Dec-24,no,yes,yes,yes,yes,no,no,no,"Classified systems are secured in facilities that meet the requirements for a security zone suitable for their classification."
Guidelines for physical security,Facilities and systems,"Physical access to servers, network devices and cryptographic equipment",ism-1974,0,Dec-24,yes,no,no,no,no,no,no,no,"Non-classified servers, network devices and cryptographic equipment are secured in suitably secure server rooms or communications rooms."
Guidelines for physical security,Facilities and systems,"Physical access to servers, network devices and cryptographic equipment",ism-1053,5,Dec-24,no,yes,yes,yes,yes,no,no,no,"Classified servers, network devices and cryptographic equipment are secured in server rooms or communications rooms that meet the requirements for a security zone suitable for their classification."
Guidelines for physical security,Facilities and systems,"Physical access to servers, network devices and cryptographic equipment",ism-1975,0,Dec-24,yes,no,no,no,no,no,no,no,"Non-classified servers, network devices and cryptographic equipment are secured in suitably secure security containers."
Guidelines for physical security,Facilities and systems,"Physical access to servers, network devices and cryptographic equipment",ism-1530,3,Dec-24,no,yes,yes,yes,yes,no,no,no,"Classified servers, network devices and cryptographic equipment are secured in security containers suitable for their classification taking into account the combination of security zones they reside in."
Guidelines for physical security,Facilities and systems,"Physical access to servers, network devices and cryptographic equipment",ism-0813,5,Dec-24,yes,yes,yes,yes,yes,no,no,no,"Server rooms, communications rooms and security containers are not left in unsecured states."
Guidelines for physical security,Facilities and systems,"Physical access to servers, network devices and cryptographic equipment",ism-1074,4,Dec-24,yes,yes,yes,yes,yes,no,no,no,"Keys or equivalent access mechanisms to server rooms, communications rooms and security containers are appropriately controlled."
Guidelines for physical security,Facilities and systems,"Physical access to network devices in public areas",ism-1296,4,Jun-22,yes,yes,yes,yes,yes,no,no,no,"Physical security is implemented to protect network devices in public areas from physical damage or unauthorised access."
Guidelines for physical security,Facilities and systems,"Bringing radio frequency and infrared devices into facilities",ism-1543,4,Dec-22,no,no,no,yes,yes,no,no,no,"An authorised RF and IR device register for SECRET and TOP SECRET areas is developed, implemented, maintained and verified on a regular basis."
Guidelines for physical security,Facilities and systems,"Bringing radio frequency and infrared devices into facilities",ism-0225,3,Sep-21,no,no,no,yes,yes,no,no,no,"Unauthorised RF and IR devices are not brought into SECRET and TOP SECRET areas."
Guidelines for physical security,Facilities and systems,"Bringing radio frequency and infrared devices into facilities",ism-0829,4,Mar-19,no,no,no,yes,yes,no,no,no,"Security measures are used to detect and respond to unauthorised RF devices in SECRET and TOP SECRET areas."
Guidelines for physical security,Facilities and systems,"Bringing photographic and video recording devices into facilities",ism-2069,0,Sep-25,no,no,no,yes,yes,no,no,no,"An authorised photographic and video recording device register for SECRET and TOP SECRET areas is developed, implemented, maintained and verified on a regular basis."
Guidelines for physical security,Facilities and systems,"Bringing photographic and video recording devices into facilities",ism-2070,0,Sep-25,no,no,no,yes,yes,no,no,no,"Unauthorised photographic and video recording devices are not brought into SECRET and TOP SECRET areas."
Guidelines for physical security,Facilities and systems,"Bringing medical devices into facilities",ism-2007,0,Mar-25,no,no,no,yes,yes,no,no,no,"An authorised medical device register for SECRET and TOP SECRET areas is developed, implemented, maintained and verified on a regular basis."
Guidelines for physical security,Facilities and systems,"Bringing medical devices into facilities",ism-2008,0,Mar-25,no,no,no,yes,yes,no,no,no,"Medical devices that are authorised to be brought into SECRET and TOP SECRET areas meet, at a minimum, the following criteria:

- are listed on the Australian Register of Therapeutic Goods
- have been prescribed by a legally qualified medical practitioner
- have been commercially purchased within Australia
- do not have inbuilt cellular connectivity
- are capable of operating independently of mobile devices
- where possible, have Wi-Fi, Bluetooth and other forms of wireless connectivity disabled when operating within SECRET and TOP SECRET areas."
Guidelines for physical security,Facilities and systems,"Bringing medical devices into facilities",ism-2009,0,Mar-25,no,no,no,yes,yes,no,no,no,"Unauthorised medical devices are not brought into SECRET and TOP SECRET areas."
Guidelines for physical security,Facilities and systems,"Preventing observation by unauthorised people",ism-0164,3,Dec-21,yes,yes,yes,yes,yes,no,no,no,"Unauthorised people are prevented from observing systems, in particular workstation displays and keyboards, within facilities."
Guidelines for physical security,IT equipment and media,"Securing IT equipment and media",ism-0161,6,Jun-24,yes,yes,yes,yes,yes,no,no,no,"IT equipment and media are secured when not in use."
Guidelines for personnel security,Cybersecurity awareness training,"Providing cybersecurity awareness training",ism-0252,8,Mar-25,yes,yes,yes,yes,yes,no,no,no,"Cybersecurity awareness training is undertaken annually by all personnel and covers:

- the purpose of the cybersecurity awareness training
- security appointments and contacts
- authorised use of systems and their resources
- protection of systems and their resources
- reporting of cybersecurity incidents and suspected compromises of systems and their resources."
Guidelines for personnel security,Cybersecurity awareness training,"Providing cybersecurity awareness training",ism-1565,0,Jun-20,yes,yes,yes,yes,yes,no,no,no,"Tailored privileged user training is undertaken annually by all privileged users."
Guidelines for personnel security,Cybersecurity awareness training,"Providing cybersecurity awareness training",ism-2022,0,Jun-25,yes,yes,yes,yes,yes,no,no,no,"A cybersecurity awareness training register is developed, implemented and maintained."
Guidelines for personnel security,Cybersecurity awareness training,"Managing and reporting suspicious changes to banking details or payment requests",ism-1740,0,Mar-22,yes,yes,yes,yes,yes,no,no,no,"Personnel dealing with banking details and payment requests are advised of what business email compromise is, how to manage such situations and how to report it."
Guidelines for personnel security,Cybersecurity awareness training,"Managing and reporting suspicious requests to disclose or change user account details",ism-2071,0,Sep-25,yes,yes,yes,yes,yes,no,no,no,"Personnel dealing with user account details are advised of what social engineering attacks are, how to manage such situations and how to report them."
Guidelines for personnel security,Cybersecurity awareness training,"Reporting suspicious contact via online services",ism-0817,4,Jan-20,yes,yes,yes,yes,yes,no,no,no,"Personnel are advised of what suspicious contact via online services is and how to report it."
Guidelines for personnel security,Cybersecurity awareness training,"Posting work information to online services",ism-0820,5,Jan-20,yes,yes,yes,yes,yes,no,no,no,"Personnel are advised to not post work information to unauthorised online services and to report cases where such information is posted."
Guidelines for personnel security,Cybersecurity awareness training,"Posting work information to online services",ism-1146,3,Dec-24,yes,yes,yes,yes,yes,no,no,no,"Personnel are advised to maintain separate work and personal user accounts for online services."
Guidelines for personnel security,Cybersecurity awareness training,"Posting personal information to online services",ism-0821,3,Oct-19,yes,yes,yes,yes,yes,no,no,no,"Personnel are advised of security risks associated with posting personal information to online services and are encouraged to use any available privacy settings to restrict who can view such information."
Guidelines for personnel security,Cybersecurity awareness training,"Sending and receiving files via online services",ism-0824,2,Sep-18,yes,yes,yes,yes,yes,no,no,no,"Personnel are advised not to send or receive files via unauthorised online services."
Guidelines for personnel security,Access to systems and their resources,"System usage policy",ism-1864,0,Sep-23,yes,yes,yes,yes,yes,no,no,no,"A system usage policy is developed, implemented and maintained."
Guidelines for personnel security,Access to systems and their resources,"System access requirements",ism-0432,8,Jun-25,yes,yes,yes,yes,yes,no,no,no,"Access requirements for systems and their resources are documented in their system security plan."
Guidelines for personnel security,Access to systems and their resources,"System access requirements",ism-0434,8,Jun-25,yes,yes,yes,yes,yes,no,no,no,"Personnel undergo appropriate employment screening and, where necessary, hold an appropriate security clearance before being granted access to systems and their resources."
Guidelines for personnel security,Access to systems and their resources,"System access requirements",ism-0435,4,Jun-25,yes,yes,yes,yes,yes,no,no,no,"Personnel receive any necessary briefings before being granted access to systems and their resources."
Guidelines for personnel security,Access to systems and their resources,"System access requirements",ism-1865,1,Jun-25,yes,yes,yes,yes,yes,no,no,no,"Personnel agree to abide by system usage policies before being granted access to systems and their resources."
Guidelines for personnel security,Access to systems and their resources,"User identification",ism-0414,5,Jun-25,yes,yes,yes,yes,yes,no,no,no,"Personnel granted access to systems and their resources are uniquely identifiable."
Guidelines for personnel security,Access to systems and their resources,"User identification",ism-0415,3,Aug-19,yes,yes,yes,yes,yes,no,no,no,"The use of shared user accounts is strictly controlled, and personnel using such accounts are uniquely identifiable."
Guidelines for personnel security,Access to systems and their resources,"User identification",ism-1583,0,Aug-20,yes,yes,yes,yes,yes,no,no,no,"Personnel who are contractors are identified as such."
Guidelines for personnel security,Access to systems and their resources,"User identification",ism-0420,12,Jun-25,no,no,no,yes,yes,no,no,no,"Where systems process, store or communicate AUSTEO, AGAO or REL data, personnel who are foreign nationals are identified as such, including by their specific nationality."
Guidelines for personnel security,Access to systems and their resources,"Unprivileged access to systems",ism-0405,8,Jun-25,yes,yes,yes,yes,yes,no,no,no,"Requests for unprivileged access to systems and their resources are validated when first requested."
Guidelines for personnel security,Access to systems and their resources,"Unprivileged access to systems",ism-1852,1,Jun-25,yes,yes,yes,yes,yes,no,no,no,"Unprivileged access to systems and their resources is limited to only what is required for users and services to undertake their duties."
Guidelines for personnel security,Access to systems and their resources,"Unprivileged access to systems",ism-1566,3,Dec-23,yes,yes,yes,yes,yes,no,no,no,"Use of unprivileged access is centrally logged."
Guidelines for personnel security,Access to systems and their resources,"Unprivileged access to systems by foreign nationals",ism-0409,8,Jun-22,no,no,no,yes,yes,no,no,no,"Foreign nationals, including seconded foreign nationals, do not have access to systems that process, store or communicate AUSTEO or REL data unless effective controls are in place to ensure such data is not accessible to them."
Guidelines for personnel security,Access to systems and their resources,"Unprivileged access to systems by foreign nationals",ism-0411,7,Jun-22,no,no,no,yes,yes,no,no,no,"Foreign nationals, excluding seconded foreign nationals, do not have access to systems that process, store or communicate AGAO data unless effective controls are in place to ensure such data is not accessible to them."
Guidelines for personnel security,Access to systems and their resources,"Privileged access to systems",ism-1507,4,Jun-25,yes,yes,yes,yes,yes,no,no,no,"Requests for privileged access to systems and their resources are validated when first requested."
Guidelines for personnel security,Access to systems and their resources,"Privileged access to systems",ism-1508,4,Jun-25,yes,yes,yes,yes,yes,no,no,no,"Privileged access to systems and their resources is limited to only what is required for users and services to undertake their duties."
Guidelines for personnel security,Access to systems and their resources,"Privileged access to systems",ism-1175,6,Sep-24,yes,yes,yes,yes,yes,no,no,no,"Privileged user accounts (excluding those explicitly authorised to access online services) are prevented from accessing the internet, email and web services."
Guidelines for personnel security,Access to systems and their resources,"Privileged access to systems",ism-1883,1,Sep-24,yes,yes,yes,yes,yes,no,no,no,"Privileged user accounts explicitly authorised to access online services are strictly limited to only what is required for users and services to undertake their duties."
Guidelines for personnel security,Access to systems and their resources,"Privileged access to systems",ism-1649,1,Jun-25,yes,yes,yes,yes,yes,no,no,no,"Just-in-time administration is used for the administration of systems and their resources."
Guidelines for personnel security,Access to systems and their resources,"Privileged access to systems",ism-0445,8,Sep-24,yes,yes,yes,yes,yes,no,no,no,"Privileged users are assigned a dedicated privileged user account to be used solely for duties requiring privileged access."
Guidelines for personnel security,Access to systems and their resources,"Privileged access to systems",ism-1263,5,Sep-24,yes,yes,yes,yes,yes,no,no,no,"Unique privileged user accounts are used for administering individual server applications."
Guidelines for personnel security,Access to systems and their resources,"Privileged access to systems",ism-1509,3,Dec-23,yes,yes,yes,yes,yes,no,no,no,"Privileged access events are centrally logged."
Guidelines for personnel security,Access to systems and their resources,"Privileged access to systems",ism-1650,3,Sep-24,yes,yes,yes,yes,yes,no,no,no,"Privileged user account and security group management events are centrally logged."
Guidelines for personnel security,Access to systems and their resources,"Privileged access to systems by foreign nationals",ism-0446,5,Jun-21,no,no,no,yes,yes,no,no,no,"Foreign nationals, including seconded foreign nationals, do not have privileged access to systems that process, store or communicate AUSTEO or REL data."
Guidelines for personnel security,Access to systems and their resources,"Privileged access to systems by foreign nationals",ism-0447,4,Jun-21,no,no,no,yes,yes,no,no,no,"Foreign nationals, excluding seconded foreign nationals, do not have privileged access to systems that process, store or communicate AGAO data."
Guidelines for personnel security,Access to systems and their resources,"Suspension of access to systems",ism-0430,8,Jun-25,yes,yes,yes,yes,yes,no,no,no,"Access to systems and their resources are removed or suspended the same day personnel no longer have a legitimate requirement for access."
Guidelines for personnel security,Access to systems and their resources,"Suspension of access to systems",ism-1591,1,Jun-25,yes,yes,yes,yes,yes,no,no,no,"Access to systems and their resources are removed or suspended as soon as practicable when personnel are detected undertaking malicious activities."
Guidelines for personnel security,Access to systems and their resources,"Suspension of access to systems",ism-1404,5,Jun-25,yes,yes,yes,yes,yes,no,no,no,"Unprivileged access to systems and their resources are disabled after 45 days of inactivity."
Guidelines for personnel security,Access to systems and their resources,"Suspension of access to systems",ism-1648,2,Jun-25,yes,yes,yes,yes,yes,no,no,no,"Privileged access to systems and their resources are disabled after 45 days of inactivity."
Guidelines for personnel security,Access to systems and their resources,"Suspension of access to systems",ism-1647,2,Jun-25,yes,yes,yes,yes,yes,no,no,no,"Privileged access to systems and their resources are disabled after 12 months unless revalidated."
Guidelines for personnel security,Access to systems and their resources,"Recording authorisation for personnel to access systems",ism-0407,6,Jun-25,yes,yes,yes,yes,yes,no,no,no,"A secure record is maintained for the life of systems and their resources that covers the following for each user:

- their user identification
- their signed agreement to abide by system usage policies
- who authorised their access
- when their access was granted
- the level of access they were granted
- when their access, and their level of access, was last reviewed
- when their level of access was changed, and to what extent (if applicable)
- when their access was withdrawn (if applicable)."
Guidelines for personnel security,Access to systems and their resources,"Temporary access to systems",ism-0441,9,Jun-25,yes,yes,yes,yes,yes,no,no,no,"When personnel are granted temporary access to systems and their resources, effective controls are put in place to restrict their access to only data required for them to undertake their duties."
Guidelines for personnel security,Access to systems and their resources,"Temporary access to systems",ism-0443,3,Sep-18,no,no,no,yes,yes,no,no,no,"Temporary access is not granted to systems that process, store or communicate caveated or sensitive compartmented information."
Guidelines for personnel security,Access to systems and their resources,"Emergency access to systems",ism-1610,1,Jun-25,yes,yes,yes,yes,yes,no,no,no,"A method of emergency access to systems and their resources is documented and tested at least once when initially implemented and each time fundamental information technology infrastructure changes occur."
Guidelines for personnel security,Access to systems and their resources,"Emergency access to systems",ism-1611,0,Aug-20,yes,yes,yes,yes,yes,no,no,no,"Break glass accounts are only used when normal authentication processes cannot be used."
Guidelines for personnel security,Access to systems and their resources,"Emergency access to systems",ism-1612,0,Aug-20,yes,yes,yes,yes,yes,no,no,no,"Break glass accounts are only used for specific authorised activities."
Guidelines for personnel security,Access to systems and their resources,"Emergency access to systems",ism-1614,0,Aug-20,yes,yes,yes,yes,yes,no,no,no,"Break glass account credentials are changed by the account custodian after they are accessed by any other party."
Guidelines for personnel security,Access to systems and their resources,"Emergency access to systems",ism-1615,0,Aug-20,yes,yes,yes,yes,yes,no,no,no,"Break glass accounts are tested after credentials are changed."
Guidelines for personnel security,Access to systems and their resources,"Emergency access to systems",ism-1613,2,Dec-23,yes,yes,yes,yes,yes,no,no,no,"Use of break glass accounts is centrally logged."
Guidelines for personnel security,Access to systems and their resources,"Control of Australian systems",ism-0078,5,Jun-21,no,no,no,yes,yes,no,no,no,"Systems processing, storing or communicating AUSTEO or AGAO data remain at all times under the control of an Australian national working for or on behalf of the Australian Government."
Guidelines for personnel security,Access to systems and their resources,"Control of Australian systems",ism-0854,6,Dec-21,no,no,no,yes,yes,no,no,no,"AUSTEO and AGAO data can only be accessed from systems under the sole control of the Australian Government that are located within facilities authorised by the Australian Government."
Guidelines for communications infrastructure,Cabling infrastructure,"Cabling infrastructure standards",ism-0181,3,Mar-21,yes,yes,yes,yes,yes,no,no,no,"Cabling infrastructure is installed in accordance with relevant Australian Standards, as directed by the Australian Communications and Media Authority."
Guidelines for communications infrastructure,Cabling infrastructure,"Use of fibre-optic cables",ism-1111,3,Mar-21,yes,yes,yes,yes,yes,no,no,no,"Fibre-optic cables are used for cabling infrastructure instead of copper cables."
Guidelines for communications infrastructure,Cabling infrastructure,"Cable register",ism-0211,7,Dec-22,yes,yes,yes,yes,yes,no,no,no,"A cable register is developed, implemented, maintained and verified on a regular basis."
Guidelines for communications infrastructure,Cabling infrastructure,"Cable register",ism-0208,6,Jun-21,yes,yes,yes,yes,yes,no,no,no,"A cable register contains the following for each cable:

- cable identifier
- cable colour
- sensitivity/classification
- source
- destination
- location
- seal numbers (if applicable)."
Guidelines for communications infrastructure,Cabling infrastructure,"Floor plan diagrams",ism-1645,2,Dec-22,yes,yes,yes,yes,yes,no,no,no,"Floor plan diagrams are developed, implemented, maintained and verified on a regular basis."
Guidelines for communications infrastructure,Cabling infrastructure,"Floor plan diagrams",ism-1646,0,Jun-21,yes,yes,yes,yes,yes,no,no,no,"Floor plan diagrams contain the following:

- cable paths (including ingress and egress points between floors)
- cable reticulation system and conduit paths
- floor concentration boxes
- wall outlet boxes
- network cabinets."
Guidelines for communications infrastructure,Cabling infrastructure,"Cable labelling processes and procedures",ism-0206,7,Dec-22,yes,yes,yes,yes,yes,no,no,no,"Cable labelling processes, and supporting cable labelling procedures, are developed, implemented and maintained."
Guidelines for communications infrastructure,Cabling infrastructure,"Labelling cables",ism-1096,2,Oct-19,yes,yes,yes,yes,yes,no,no,no,"Cables are labelled at each end with sufficient source and destination details to enable the physical identification and inspection of the cable."
Guidelines for communications infrastructure,Cabling infrastructure,"Labelling building management cables",ism-1639,0,Mar-21,yes,yes,yes,yes,yes,no,no,no,"Building management cables are labelled with their purpose in black writing on a yellow background, with a minimum size of 2.5 cm x 1 cm, and attached at five-metre intervals."
Guidelines for communications infrastructure,Cabling infrastructure,"Labelling cables for foreign systems in Australian facilities",ism-1640,0,Mar-21,yes,yes,yes,yes,yes,no,no,no,"Cables for foreign systems installed in Australian facilities are labelled at inspection points."
Guidelines for communications infrastructure,Cabling infrastructure,"Cable colours",ism-1820,0,Mar-23,yes,yes,yes,yes,yes,no,no,no,"Cables for individual systems use a consistent colour."
Guidelines for communications infrastructure,Cabling infrastructure,"Cable colours",ism-0926,11,Dec-24,yes,yes,yes,no,no,no,no,no,"Non-classified, OFFICIAL: Sensitive and PROTECTED cables are coloured neither salmon pink nor red."
Guidelines for communications infrastructure,Cabling infrastructure,"Cable colours",ism-1718,1,Mar-23,no,no,no,yes,no,no,no,no,"SECRET cables are coloured salmon pink."
Guidelines for communications infrastructure,Cabling infrastructure,"Cable colours",ism-1719,1,Mar-23,no,no,no,no,yes,no,no,no,"TOP SECRET cables are coloured red."
Guidelines for communications infrastructure,Cabling infrastructure,"Cable colour non-conformance",ism-1216,4,Jun-24,no,no,no,yes,yes,no,no,no,"SECRET and TOP SECRET cables with non-conformant cable colouring are banded with the appropriate colour and labelled at inspection points."
Guidelines for communications infrastructure,Cabling infrastructure,"Cable inspectability",ism-1112,4,Dec-24,yes,yes,yes,yes,no,no,no,no,"Cables in non-TOP SECRET areas are inspectable every five metres or less."
Guidelines for communications infrastructure,Cabling infrastructure,"Cable inspectability",ism-1119,2,Dec-21,yes,yes,yes,yes,yes,no,no,no,"Cables in TOP SECRET areas are fully inspectable for their entire length."
Guidelines for communications infrastructure,Cabling infrastructure,"Common cable bundles and conduits",ism-0187,8,Mar-23,no,no,no,yes,no,no,no,no,"SECRET cables, when bundled together or run in conduit, are run exclusively in their own individual cable bundle or conduit."
Guidelines for communications infrastructure,Cabling infrastructure,"Common cable bundles and conduits",ism-1821,0,Mar-23,no,no,no,no,yes,no,no,no,"TOP SECRET cables, when bundled together or run in conduit, are run exclusively in their own individual cable bundle or conduit."
Guidelines for communications infrastructure,Cabling infrastructure,"Common cable reticulation systems",ism-1114,4,Mar-23,yes,yes,yes,yes,yes,no,no,no,"Cable bundles or conduits sharing a common cable reticulation system have a dividing partition or visible gap between each cable bundle and conduit."
Guidelines for communications infrastructure,Cabling infrastructure,"Enclosed cable reticulation systems",ism-1130,4,Dec-21,yes,yes,yes,yes,yes,no,no,no,"In shared facilities, cables are run in an enclosed cable reticulation system."
Guidelines for communications infrastructure,Cabling infrastructure,"Covers for enclosed cable reticulation systems",ism-1164,3,Dec-21,yes,yes,yes,yes,yes,no,no,no,"In shared facilities, conduits or the front covers of ducts, cable trays in floors and ceilings, and associated fittings are clear plastic."
Guidelines for communications infrastructure,Cabling infrastructure,"Sealing cable reticulation systems and conduits",ism-0195,7,Jun-22,no,no,no,no,yes,no,no,no,"In shared facilities, uniquely identifiable SCEC-approved tamper-evident seals are used to seal all removable covers on TOP SECRET cable reticulation systems."
Guidelines for communications infrastructure,Cabling infrastructure,"Sealing cable reticulation systems and conduits",ism-0194,3,Dec-21,no,no,no,no,yes,no,no,no,"In shared facilities, a visible smear of conduit glue is used to seal all plastic conduit joints and TOP SECRET conduits connected by threaded lock nuts."
Guidelines for communications infrastructure,Cabling infrastructure,"Labelling conduits",ism-0201,3,Mar-21,no,no,no,no,yes,no,no,no,"Labels for TOP SECRET conduits are a minimum size of 2.5 cm x 1 cm, attached at five-metre intervals and marked as ‘TS RUN’."
Guidelines for communications infrastructure,Cabling infrastructure,"Cables in walls",ism-1115,4,Dec-19,yes,yes,yes,yes,yes,no,no,no,"Cables from cable trays to wall outlet boxes are run in flexible or plastic conduit."
Guidelines for communications infrastructure,Cabling infrastructure,"Cables in party walls",ism-1133,3,Dec-21,no,no,no,no,yes,no,no,no,"In shared facilities, TOP SECRET cables are not run in party walls."
Guidelines for communications infrastructure,Cabling infrastructure,"Wall penetrations",ism-1122,2,Dec-21,no,no,no,no,yes,no,no,no,"Where wall penetrations exit a TOP SECRET area into a lower classified area, TOP SECRET cables are encased in conduit with all gaps between the TOP SECRET conduit and the wall filled with an appropriate sealing compound."
Guidelines for communications infrastructure,Cabling infrastructure,"Wall outlet boxes",ism-1105,4,Mar-23,no,no,no,yes,yes,no,no,no,"SECRET and TOP SECRET wall outlet boxes contain exclusively SECRET or TOP SECRET cables."
Guidelines for communications infrastructure,Cabling infrastructure,"Labelling wall outlet boxes",ism-1095,5,Dec-21,yes,yes,yes,yes,yes,no,no,no,"Wall outlet boxes denote the systems, cable identifiers and wall outlet box identifier."
Guidelines for communications infrastructure,Cabling infrastructure,"Wall outlet box colours",ism-1822,0,Mar-23,yes,yes,yes,yes,yes,no,no,no,"Wall outlet boxes for individual systems use a consistent colour."
Guidelines for communications infrastructure,Cabling infrastructure,"Wall outlet box colours",ism-1107,7,Dec-24,yes,yes,yes,no,no,no,no,no,"Non-classified, OFFICIAL: Sensitive and PROTECTED wall outlet boxes are coloured neither salmon pink nor red."
Guidelines for communications infrastructure,Cabling infrastructure,"Wall outlet box colours",ism-1720,0,Dec-21,no,no,no,yes,no,no,no,no,"SECRET wall outlet boxes are coloured salmon pink."
Guidelines for communications infrastructure,Cabling infrastructure,"Wall outlet box colours",ism-1721,0,Dec-21,no,no,no,no,yes,no,no,no,"TOP SECRET wall outlet boxes are coloured red."
Guidelines for communications infrastructure,Cabling infrastructure,"Wall outlet box covers",ism-1109,3,Dec-19,yes,yes,yes,yes,yes,no,no,no,"Wall outlet box covers are clear plastic."
Guidelines for communications infrastructure,Cabling infrastructure,"Fly lead installation",ism-0218,7,Jun-24,no,no,no,no,yes,no,no,no,"If TOP SECRET fibre-optic fly leads exceeding five metres in length are used to connect wall outlet boxes to IT equipment, they are run in a protective and easily inspected pathway that is clearly labelled at the IT equipment end with the wall outlet box’s identifier."
Guidelines for communications infrastructure,Cabling infrastructure,"Connecting cable reticulation systems to cabinets",ism-1102,3,Dec-21,yes,yes,yes,yes,yes,no,no,no,"Cable reticulation systems leading into cabinets are terminated as close as possible to the cabinet."
Guidelines for communications infrastructure,Cabling infrastructure,"Connecting cable reticulation systems to cabinets",ism-1101,3,Dec-21,yes,yes,yes,yes,yes,no,no,no,"In TOP SECRET areas, cable reticulation systems leading into cabinets in server rooms or communications rooms are terminated as close as possible to the cabinet."
Guidelines for communications infrastructure,Cabling infrastructure,"Connecting cable reticulation systems to cabinets",ism-1103,3,Dec-21,yes,yes,yes,yes,yes,no,no,no,"In TOP SECRET areas, cable reticulation systems leading into cabinets not in server rooms or communications rooms are terminated at the boundary of the cabinet."
Guidelines for communications infrastructure,Cabling infrastructure,"Terminating cables in cabinets",ism-1098,5,Mar-23,no,no,no,yes,no,no,no,no,"SECRET cables are terminated in an individual cabinet; or for small systems, a cabinet with a division plate between any SECRET cables and non-SECRET cables."
Guidelines for communications infrastructure,Cabling infrastructure,"Terminating cables in cabinets",ism-1100,1,Sep-18,no,no,no,no,yes,no,no,no,"TOP SECRET cables are terminated in an individual TOP SECRET cabinet."
Guidelines for communications infrastructure,Cabling infrastructure,"Terminating cables on patch panels",ism-0213,4,Mar-23,no,no,no,yes,yes,no,no,no,"SECRET and TOP SECRET cables are terminated on their own individual patch panels."
Guidelines for communications infrastructure,Cabling infrastructure,"Physical separation of cabinets and patch panels",ism-0216,3,Mar-23,no,no,no,no,yes,no,no,no,"TOP SECRET patch panels are installed in individual TOP SECRET cabinets."
Guidelines for communications infrastructure,Cabling infrastructure,"Physical separation of cabinets and patch panels",ism-0217,5,Mar-23,no,no,no,no,yes,no,no,no,"Where spatial constraints demand non-TOP SECRET patch panels be installed in the same cabinet as a TOP SECRET patch panel:

- a physical barrier in the cabinet is provided to separate patch panels
- only personnel holding a Positive Vetting security clearance have access to the cabinet
- approval from the TOP SECRET system’s authorising officer is obtained prior to installation."
Guidelines for communications infrastructure,Cabling infrastructure,"Physical separation of cabinets and patch panels",ism-1116,4,Mar-23,no,no,no,no,yes,no,no,no,"A visible gap exists between TOP SECRET cabinets and non-TOP SECRET cabinets."
Guidelines for communications infrastructure,Cabling infrastructure,"Audio secure rooms",ism-0198,3,Dec-21,no,no,no,no,yes,no,no,no,"When penetrating a TOP SECRET audio secure room, the Australian Security Intelligence Organisation is consulted and all directions provided are complied with."
Guidelines for communications infrastructure,Cabling infrastructure,"Power reticulation",ism-1123,4,Jun-24,no,no,no,no,yes,no,no,no,"A power distribution board with a feed from an Uninterruptible Power Supply is used to power all TOP SECRET IT equipment."
Guidelines for communications infrastructure,Emanation security,"Electromagnetic interference/electromagnetic compatibility standards",ism-0250,5,Jun-24,yes,yes,yes,yes,yes,no,no,no,"IT equipment meets industry and government standards relating to electromagnetic interference/electromagnetic compatibility."
Guidelines for communications infrastructure,Emanation security,"Emanation security doctrine",ism-1884,0,Dec-23,no,yes,yes,yes,yes,no,no,no,"Emanation security doctrine produced by ASD for the management of emanation security matters is complied with."
Guidelines for communications infrastructure,Emanation security,"Emanation security threat assessments",ism-1137,5,Dec-23,no,no,no,yes,yes,no,no,no,"System owners deploying SECRET or TOP SECRET systems within fixed facilities contact ASD for an emanation security threat assessment."
Guidelines for communications infrastructure,Emanation security,"Emanation security threat assessments",ism-0249,6,Dec-23,no,no,no,yes,yes,no,no,no,"System owners deploying SECRET or TOP SECRET systems in mobile platforms, or as a deployable capability, contact ASD for an emanation security threat assessment."
Guidelines for communications infrastructure,Emanation security,"Emanation security threat assessments",ism-0246,6,Dec-24,no,no,no,yes,yes,no,no,no,"When an emanation security threat assessment is required, it is sought as early as possible in a system’s life cycle."
Guidelines for communications infrastructure,Emanation security,"Emanation security threat assessments",ism-1885,1,Dec-24,no,no,no,yes,yes,no,no,no,"Recommended actions contained within TEMPEST requirements statements issued for systems are implemented by system owners."
Guidelines for communications systems,Telephone systems,"Telephone system usage policy",ism-1078,4,Dec-22,yes,yes,yes,yes,yes,no,no,no,"A telephone system usage policy is developed, implemented and maintained."
Guidelines for communications systems,Telephone systems,"Personnel awareness",ism-0229,4,Jun-24,yes,yes,yes,yes,yes,no,no,no,"Personnel are advised of the permitted sensitivity or classification of information that can be discussed over internal and external telephone systems."
Guidelines for communications systems,Telephone systems,"Personnel awareness",ism-0230,3,Sep-18,yes,yes,yes,yes,yes,no,no,no,"Personnel are advised of security risks posed by non-secure telephone systems in areas where sensitive or classified conversations can occur."
Guidelines for communications systems,Telephone systems,"Personnel awareness",ism-0231,2,Dec-21,yes,yes,yes,yes,yes,no,no,no,"When using cryptographic equipment to permit different levels of conversation for different kinds of connections, telephone systems give a visual indication of what kind of connection has been made."
Guidelines for communications systems,Telephone systems,"Protecting conversations",ism-0232,3,Sep-18,yes,yes,yes,yes,yes,no,no,no,"Telephone systems used for sensitive or classified conversations encrypt all traffic that passes over external systems."
Guidelines for communications systems,Telephone systems,"Cordless telephone systems",ism-0233,4,Mar-23,yes,yes,yes,yes,yes,no,no,no,"Cordless telephone handsets and headsets are not used for sensitive or classified conversations unless all communications are encrypted."
Guidelines for communications systems,Telephone systems,"Speakerphones",ism-0235,5,Dec-24,yes,yes,yes,yes,yes,no,no,no,"Speakerphones are not used on telephone systems in TOP SECRET areas unless the telephone system is located in an audio secure room, the room is audio secure during conversations and only personnel involved in conversations are present in the room."
Guidelines for communications systems,Telephone systems,"Off-hook audio protection",ism-0236,5,Dec-21,yes,yes,yes,yes,yes,no,no,no,"Off-hook audio protection features are used on telephone systems in areas where background conversations may exceed the sensitivity or classification that the telephone system is authorised for communicating."
Guidelines for communications systems,Telephone systems,"Off-hook audio protection",ism-0931,7,Dec-24,yes,yes,yes,yes,yes,no,no,no,"In SECRET and TOP SECRET areas, push-to-talk handsets or push-to-talk headsets are used to meet any off-hook audio protection requirements."
Guidelines for communications systems,Video conferencing and Internet Protocol telephony,"Video conferencing and Internet Protocol telephony infrastructure hardening",ism-1562,0,Dec-19,yes,yes,yes,yes,yes,no,no,no,"Video conferencing and IP telephony infrastructure is hardened."
Guidelines for communications systems,Video conferencing and Internet Protocol telephony,"Video-aware and voice-aware firewalls and proxies",ism-0546,9,Jun-22,yes,yes,yes,yes,yes,no,no,no,"When video conferencing or IP telephony traffic passes through a gateway containing a firewall or proxy, a video-aware or voice-aware firewall or proxy is used."
Guidelines for communications systems,Video conferencing and Internet Protocol telephony,"Protecting video conferencing and Internet Protocol telephony traffic",ism-0548,4,Dec-21,yes,yes,yes,yes,yes,no,no,no,"Video conferencing and IP telephony calls are established using a secure session initiation protocol."
Guidelines for communications systems,Video conferencing and Internet Protocol telephony,"Protecting video conferencing and Internet Protocol telephony traffic",ism-0547,4,Dec-21,yes,yes,yes,yes,yes,no,no,no,"Video conferencing and IP telephony calls are conducted using a secure real-time transport protocol."
Guidelines for communications systems,Video conferencing and Internet Protocol telephony,"Video conferencing unit and Internet Protocol phone authentication",ism-0554,1,Sep-18,yes,yes,yes,yes,yes,no,no,no,"An encrypted and non-replayable two-way authentication scheme is used for call authentication and authorisation."
Guidelines for communications systems,Video conferencing and Internet Protocol telephony,"Video conferencing unit and Internet Protocol phone authentication",ism-0553,3,Sep-18,yes,yes,yes,yes,yes,no,no,no,"Authentication and authorisation is used for all actions on a video conferencing network, including call setup and changing settings."
Guidelines for communications systems,Video conferencing and Internet Protocol telephony,"Video conferencing unit and Internet Protocol phone authentication",ism-0555,3,Dec-19,yes,yes,yes,yes,yes,no,no,no,"Authentication and authorisation is used for all actions on an IP telephony network, including registering a new IP phone, changing phone users, changing settings and accessing voicemail."
Guidelines for communications systems,Video conferencing and Internet Protocol telephony,"Video conferencing unit and Internet Protocol phone authentication",ism-0551,7,Jan-20,yes,yes,yes,yes,yes,no,no,no,"IP telephony is configured such that:

- IP phones authenticate themselves to the call controller upon registration
- auto-registration is disabled and only authorised devices are allowed to access the network
- unauthorised devices are blocked by default
- all unused and prohibited functionality is disabled."
Guidelines for communications systems,Video conferencing and Internet Protocol telephony,"Video conferencing unit and Internet Protocol phone authentication",ism-1014,6,Dec-21,no,no,no,yes,yes,no,no,no,"Individual logins are implemented for IP phones used for SECRET or TOP SECRET conversations."
Guidelines for communications systems,Video conferencing and Internet Protocol telephony,"Traffic separation",ism-0549,4,Oct-19,yes,yes,yes,yes,yes,no,no,no,"Video conferencing and IP telephony traffic is separated physically or logically from other data traffic."
Guidelines for communications systems,Video conferencing and Internet Protocol telephony,"Traffic separation",ism-0556,5,Oct-19,yes,yes,yes,yes,yes,no,no,no,"Workstations are not connected to video conferencing units or IP phones unless the workstation or the device uses Virtual Local Area Networks or similar mechanisms to maintain separation between video conferencing, IP telephony and other data traffic."
Guidelines for communications systems,Video conferencing and Internet Protocol telephony,"Internet Protocol phones in public areas",ism-0558,6,Dec-21,yes,yes,yes,yes,yes,no,no,no,"IP phones used in public areas do not have the ability to access data networks, voicemail and directory services."
Guidelines for communications systems,Video conferencing and Internet Protocol telephony,"Microphones and webcams",ism-0559,6,Dec-24,yes,yes,yes,no,no,no,no,no,"Microphones (including headsets and USB handsets) and webcams are not used with non-SECRET workstations in SECRET areas."
Guidelines for communications systems,Video conferencing and Internet Protocol telephony,"Microphones and webcams",ism-1450,3,Dec-24,yes,yes,yes,yes,no,no,no,no,"Microphones (including headsets and USB handsets) and webcams are not used with non-TOP SECRET workstations in TOP SECRET areas."
Guidelines for communications systems,Video conferencing and Internet Protocol telephony,"Denial of service response plan",ism-1019,9,Dec-22,yes,yes,yes,yes,yes,no,no,no,"A denial of service response plan for video conferencing and IP telephony services is developed, implemented and maintained."
Guidelines for communications systems,Video conferencing and Internet Protocol telephony,"Denial of service response plan",ism-1805,0,Dec-22,yes,yes,yes,yes,yes,no,no,no,"A denial of service response plan for video conferencing and IP telephony services contains the following:

- how to identify signs of a denial-of-service attack
- how to identify the source of a denial-of-service attack
- how capabilities can be maintained during a denial-of-service attack
- what actions can be taken to respond to a denial-of-service attack."
Guidelines for communications systems,Fax machines and multifunction devices,"Fax machine and multifunction device usage policy",ism-0588,4,Dec-22,yes,yes,yes,yes,yes,no,no,no,"A fax machine and MFD usage policy is developed, implemented and maintained."
Guidelines for communications systems,Fax machines and multifunction devices,"Sending fax messages",ism-1092,2,Sep-18,yes,yes,yes,yes,yes,no,no,no,"Separate fax machines or MFDs are used for sending sensitive or classified fax messages and all other fax messages."
Guidelines for communications systems,Fax machines and multifunction devices,"Sending fax messages",ism-0241,4,Dec-21,yes,yes,yes,yes,yes,no,no,no,"When sending fax messages, the fax message is encrypted to an appropriate level to be communicated over unsecured telecommunications infrastructure."
Guidelines for communications systems,Fax machines and multifunction devices,"Receiving fax messages",ism-1075,2,Dec-21,yes,yes,yes,yes,yes,no,no,no,"The sender of a fax message makes arrangements for the receiver to collect the fax message as soon as possible after it is sent and for the receiver to notify the sender if the fax message does not arrive in an agreed amount of time."
Guidelines for communications systems,Fax machines and multifunction devices,"Simultaneously connecting multifunction devices to networks and digital telephone systems",ism-0245,5,Dec-19,yes,yes,yes,yes,yes,no,no,no,"A direct connection from an MFD to a digital telephone system is not enabled unless the digital telephone system is authorised to operate at the same sensitivity or classification as the network to which the MFD is connected."
Guidelines for communications systems,Fax machines and multifunction devices,"Authenticating to multifunction devices",ism-1854,0,Jun-23,yes,yes,yes,yes,yes,no,no,no,"Users authenticate to MFDs before they can print, scan or copy documents."
Guidelines for communications systems,Fax machines and multifunction devices,"Authenticating to multifunction devices",ism-0590,8,Jun-23,yes,yes,yes,yes,yes,no,no,no,"Authentication measures for MFDs are the same strength as those used for workstations on networks they are connected to."
Guidelines for communications systems,Fax machines and multifunction devices,"Scanning and copying documents on multifunction devices",ism-0589,7,Jun-23,yes,yes,yes,yes,yes,no,no,no,"MFDs are not used to scan or copy documents above the sensitivity or classification of networks they are connected to."
Guidelines for communications systems,Fax machines and multifunction devices,"Logging multifunction device use",ism-1855,1,Dec-23,yes,yes,yes,yes,yes,no,no,no,"Use of MFDs for printing, scanning and copying purposes, including the capture of shadow copies of documents, are centrally logged."
Guidelines for communications systems,Fax machines and multifunction devices,"Observing fax machine and multifunction device use",ism-1036,3,Sep-18,yes,yes,yes,yes,yes,no,no,no,"Fax machines and MFDs are located in areas where their use can be observed."
Guidelines for enterprise mobility,Enterprise mobility,"Privately-owned mobile devices and desktop computers",ism-1297,5,Sep-23,yes,yes,yes,yes,yes,no,no,no,"Legal advice is sought prior to allowing privately-owned mobile devices and desktop computers to access systems or data."
Guidelines for enterprise mobility,Enterprise mobility,"Privately-owned mobile devices and desktop computers",ism-1400,9,Dec-24,no,yes,yes,no,no,no,no,no,"Personnel accessing OFFICIAL: Sensitive or PROTECTED systems or data using privately-owned mobile devices or desktop computers have enforced separation of classified data from personal data."
Guidelines for enterprise mobility,Enterprise mobility,"Privately-owned mobile devices and desktop computers",ism-1866,0,Sep-23,no,yes,yes,no,no,no,no,no,"Personnel accessing OFFICIAL: Sensitive or PROTECTED systems or data using privately-owned mobile devices or desktop computers are prevented from storing classified data on their privately-owned mobile devices and desktop computers."
Guidelines for enterprise mobility,Enterprise mobility,"Privately-owned mobile devices and desktop computers",ism-0694,8,Sep-23,no,no,no,yes,yes,no,no,no,"Privately-owned mobile devices and desktop computers do not access SECRET and TOP SECRET systems or data."
Guidelines for enterprise mobility,Enterprise mobility,"Organisation-owned mobile devices and desktop computers",ism-1482,8,Dec-24,no,yes,yes,yes,yes,no,no,no,"Personnel accessing systems or data using an organisation-owned mobile device or desktop computer have enforced separation of classified data from personal data."
Guidelines for enterprise mobility,Enterprise mobility,"Connecting mobile devices and desktop computers to the internet",ism-0874,6,Sep-23,yes,yes,yes,yes,yes,no,no,no,"Mobile devices and desktop computers access the internet via a VPN connection to an organisation’s internet gateway rather than via a direct connection to the internet."
Guidelines for enterprise mobility,Enterprise mobility,"Connecting mobile devices and desktop computers to the internet",ism-0705,4,Dec-21,yes,yes,yes,yes,yes,no,no,no,"When accessing an organisation’s network via a VPN connection, split tunnelling is disabled."
Guidelines for enterprise mobility,Mobile device management,"Mobile device management policy",ism-1533,3,Dec-22,yes,yes,yes,yes,yes,no,no,no,"A mobile device management policy is developed, implemented and maintained."
Guidelines for enterprise mobility,Mobile device management,"Mobile device management policy",ism-1195,2,Sep-23,yes,yes,yes,yes,yes,no,no,no,"Mobile Device Management solutions that have completed a Common Criteria evaluation against the Protection Profile for Mobile Device Management, version 4.0 or later, are used to enforce mobile device management policy."
Guidelines for enterprise mobility,Mobile device management,"Approved mobile platforms",ism-1867,1,Mar-24,no,yes,yes,no,no,no,no,no,"Mobile devices that access OFFICIAL: Sensitive or PROTECTED systems or data use mobile platforms that have completed a Common Criteria evaluation against the Protection Profile for Mobile Device Fundamentals, version 3.3 or later, and are operated in accordance with the latest version of their associated ASD security configuration guide."
Guidelines for enterprise mobility,Mobile device management,"Approved mobile platforms",ism-0687,10,Sep-23,no,no,no,yes,yes,no,no,no,"Mobile devices that access SECRET or TOP SECRET systems or data use mobile platforms that have been issued an Approval for Use by ASD and are operated in accordance with the latest version of their associated Australian Communications Security Instruction."
Guidelines for enterprise mobility,Mobile device management,"Data storage",ism-0869,5,Dec-21,yes,yes,yes,yes,yes,no,no,no,"Mobile devices encrypt their internal storage and any removable media."
Guidelines for enterprise mobility,Mobile device management,"Data storage",ism-1868,0,Sep-23,no,no,no,yes,yes,no,no,no,"SECRET and TOP SECRET mobile devices do not use removable media unless approved beforehand by ASD."
Guidelines for enterprise mobility,Mobile device management,"Data communications",ism-1085,4,Dec-21,yes,yes,yes,yes,yes,no,no,no,"Mobile devices encrypt all sensitive or classified data communicated over public network infrastructure."
Guidelines for enterprise mobility,Mobile device management,"Maintaining mobile device security",ism-1886,0,Dec-23,yes,yes,yes,yes,yes,no,no,no,"Mobile devices are configured to operate in a supervised (or equivalent) mode."
Guidelines for enterprise mobility,Mobile device management,"Maintaining mobile device security",ism-1887,0,Dec-23,yes,yes,yes,yes,yes,no,no,no,"Mobile devices are configured with remote locate and wipe functionality."
Guidelines for enterprise mobility,Mobile device management,"Maintaining mobile device security",ism-1888,0,Dec-23,yes,yes,yes,yes,yes,no,no,no,"Mobile devices are configured with secure lock screens."
Guidelines for enterprise mobility,Mobile device management,"Maintaining mobile device security",ism-0863,5,Dec-23,yes,yes,yes,yes,yes,no,no,no,"Mobile devices prevent personnel from installing non-approved applications once provisioned."
Guidelines for enterprise mobility,Mobile device management,"Maintaining mobile device security",ism-0864,4,Dec-21,yes,yes,yes,yes,yes,no,no,no,"Mobile devices prevent personnel from disabling or modifying security functionality once provisioned."
Guidelines for enterprise mobility,Mobile device management,"Maintaining mobile device security",ism-1366,2,Dec-21,yes,yes,yes,yes,yes,no,no,no,"Security updates are applied to mobile devices as soon as they become available."
Guidelines for enterprise mobility,Mobile device usage,"Mobile device usage policy",ism-1082,3,Dec-22,yes,yes,yes,yes,yes,no,no,no,"A mobile device usage policy is developed, implemented and maintained."
Guidelines for enterprise mobility,Mobile device usage,"Personnel awareness",ism-1083,2,Sep-18,yes,yes,yes,yes,yes,no,no,no,"Personnel are advised of the sensitivity or classification permitted for voice and data communications when using mobile devices."
Guidelines for enterprise mobility,Mobile device usage,"Personnel awareness",ism-1299,4,Sep-23,yes,yes,yes,yes,yes,no,no,no,"Personnel are advised to take the following precautions when using mobile devices:

- never leave mobile devices or removable media unattended, including by placing them in checked-in luggage or leaving them in hotel safes
- never store credentials with mobile devices that they grant access to, such as in laptop computer bags
- never lend mobile devices or removable media to untrusted people, even if briefly
- never allow untrusted people to connect their mobile devices or removable media to your mobile devices, including for charging
- never connect mobile devices to designated charging stations or wall outlet charging ports
- never use gifted or unauthorised peripherals, chargers or removable media with mobile devices
- never use removable media for data transfers or backups that have not been checked for malicious code beforehand
- avoid reuse of removable media once used with other parties’ systems or mobile devices
- avoid connecting mobile devices to open or untrusted Wi-Fi networks
- consider disabling any communications capabilities of mobile devices when not in use, such as Wi-Fi, Bluetooth, Near Field Communication and ultra-wideband
- consider periodically rebooting mobile devices
- consider using a VPN connection to encrypt all cellular and wireless communications
- consider using encrypted email or messaging apps for all communications."
Guidelines for enterprise mobility,Mobile device usage,"Using paging, message services and messaging apps",ism-0240,7,Dec-21,yes,yes,yes,yes,yes,no,no,no,"Paging, Multimedia Message Service, Short Message Service and messaging apps are not used to communicate sensitive or classified data."
Guidelines for enterprise mobility,Mobile device usage,"Using Bluetooth functionality",ism-1196,4,Dec-24,yes,yes,yes,no,no,no,no,no,"Non-classified, OFFICIAL: Sensitive and PROTECTED mobile devices are configured to remain undiscoverable to other Bluetooth devices except during Bluetooth pairing."
Guidelines for enterprise mobility,Mobile device usage,"Using Bluetooth functionality",ism-1200,7,Dec-24,yes,yes,yes,no,no,no,no,no,"Bluetooth pairing for non-classified, OFFICIAL: Sensitive and PROTECTED mobile devices is performed using Secure Connections, preferably with Numeric Comparison if supported."
Guidelines for enterprise mobility,Mobile device usage,"Using Bluetooth functionality",ism-1198,4,Dec-24,yes,yes,yes,no,no,no,no,no,"Bluetooth pairing for non-classified, OFFICIAL: Sensitive and PROTECTED mobile devices is performed in a manner such that connections are only made between intended Bluetooth devices."
Guidelines for enterprise mobility,Mobile device usage,"Using Bluetooth functionality",ism-1199,5,Dec-24,yes,yes,yes,no,no,no,no,no,"Bluetooth pairings for non-classified, OFFICIAL: Sensitive and PROTECTED mobile devices are removed when there is no longer a requirement for their use."
Guidelines for enterprise mobility,Mobile device usage,"Using Bluetooth functionality",ism-0682,5,Dec-21,no,no,no,yes,yes,no,no,no,"Bluetooth functionality is not enabled on SECRET and TOP SECRET mobile devices."
Guidelines for enterprise mobility,Mobile device usage,"Using mobile devices in public spaces",ism-0866,6,Mar-25,yes,yes,yes,yes,yes,no,no,no,"Sensitive or classified data is not viewed on mobile devices in public locations unless care is taken to reduce the chance of the screen of a mobile device being observed."
Guidelines for enterprise mobility,Mobile device usage,"Using mobile devices in public spaces",ism-1145,4,Dec-21,no,no,no,yes,yes,no,no,no,"Privacy filters are applied to the screens of SECRET and TOP SECRET mobile devices."
Guidelines for enterprise mobility,Mobile device usage,"Using mobile devices in public spaces",ism-1644,1,Mar-25,yes,yes,yes,yes,yes,no,no,no,"Sensitive or classified phone calls and conversations are not conducted in public locations unless care is taken to reduce the chance of conversations being overheard."
Guidelines for enterprise mobility,Mobile device usage,"Maintaining control of mobile devices",ism-0871,3,Apr-19,yes,yes,yes,yes,yes,no,no,no,"Mobile devices are kept under continual direct supervision when being actively used."
Guidelines for enterprise mobility,Mobile device usage,"Maintaining control of mobile devices",ism-0870,3,Apr-19,yes,yes,yes,yes,yes,no,no,no,"Mobile devices are carried or stored in a secured state when not being actively used."
Guidelines for enterprise mobility,Mobile device usage,"Maintaining control of mobile devices",ism-1084,4,Dec-21,yes,yes,yes,yes,yes,no,no,no,"If unable to carry or store mobile devices in a secured state, they are physically transferred in a security briefcase or an approved multi-use satchel, pouch or transit bag."
Guidelines for enterprise mobility,Mobile device usage,"Mobile device emergency sanitisation processes and procedures",ism-0701,6,Dec-22,yes,yes,yes,yes,yes,no,no,no,"Mobile device emergency sanitisation processes, and supporting mobile device emergency sanitisation procedures, are developed, implemented and maintained."
Guidelines for enterprise mobility,Mobile device usage,"Mobile device emergency sanitisation processes and procedures",ism-0702,5,Dec-21,no,no,no,yes,yes,no,no,no,"If a cryptographic zeroise or sanitise function is provided for cryptographic keys on a SECRET or TOP SECRET mobile device, the function is used as part of mobile device emergency sanitisation processes and procedures."
Guidelines for enterprise mobility,Mobile device usage,"Before travelling overseas with mobile devices",ism-1298,2,Oct-19,yes,yes,yes,yes,yes,no,no,no,"Personnel are advised of privacy and security risks when travelling overseas with mobile devices."
Guidelines for enterprise mobility,Mobile device usage,"Before travelling overseas with mobile devices",ism-1554,2,Dec-24,yes,yes,yes,yes,yes,no,no,no,"If travelling overseas with mobile devices to high or extreme risk countries, personnel are:

- issued with newly provisioned user accounts, mobile devices and removable media from a pool of dedicated travel devices which are used solely for work-related activities
- advised on how to apply and inspect tamper seals to key areas of mobile devices
- advised to avoid taking any personal mobile devices, especially if rooted or jailbroken."
Guidelines for enterprise mobility,Mobile device usage,"Before travelling overseas with mobile devices",ism-1555,3,Dec-24,yes,yes,yes,yes,yes,no,no,no,"Before travelling overseas with mobile devices, personnel take the following actions:

- record all details of the mobile devices being taken, such as product types, serial numbers and International Mobile Equipment Identity numbers
- update all operating systems and applications
- remove all non-essential data, applications and user accounts
- backup all remaining data, applications and settings."
Guidelines for enterprise mobility,Mobile device usage,"While travelling overseas with mobile devices",ism-1088,6,Sep-23,yes,yes,yes,yes,yes,no,no,no,"Personnel report the potential compromise of mobile devices, removable media or credentials to their organisation as soon as possible, especially if they:

- provide credentials to foreign government officials
- decrypt mobile devices for foreign government officials
- have mobile devices taken out of sight by foreign government officials
- have mobile devices or removable media stolen, including if later returned
- lose mobile devices or removable media, including if later found
- observe unusual behaviour of mobile devices."
Guidelines for enterprise mobility,Mobile device usage,"After travelling overseas with mobile devices",ism-1300,6,Dec-22,yes,yes,yes,yes,yes,no,no,no,"Upon returning from travelling overseas with mobile devices, personnel take the following actions:

- sanitise and reset mobile devices, including all removable media
- decommission any credentials that left their possession during their travel
- report if significant doubt exists as to the integrity of any mobile devices or removable media."
Guidelines for enterprise mobility,Mobile device usage,"After travelling overseas with mobile devices",ism-1556,3,Dec-24,yes,yes,yes,yes,yes,no,no,no,"If returning from travelling overseas with mobile devices to high or extreme risk countries, personnel take the following additional actions:

- reset credentials used with mobile devices, including those used for remote access to their organisation’s systems
- monitor user accounts for any indicators of compromise, such as failed logon attempts."
Guidelines for evaluated products,Evaluated product procurement,"Evaluated product selection",ism-0280,9,Jun-25,yes,yes,yes,yes,yes,no,no,no,"If procuring an evaluated product, a product that has completed a PP-based evaluation, including against all applicable PP modules (as well as a software bill of materials assessment if applicable), is selected in preference to one that has completed an EAL-based evaluation."
Guidelines for evaluated products,Evaluated product procurement,"Delivery of evaluated products",ism-0285,1,Sep-18,yes,yes,yes,yes,yes,no,no,no,"Evaluated products are delivered in a manner consistent with any delivery procedures defined in associated evaluation documentation."
Guidelines for evaluated products,Evaluated product procurement,"Delivery of evaluated products",ism-0286,8,Jun-24,no,no,no,yes,yes,no,no,no,"When procuring high assurance information technology (IT) equipment, ASD is contacted for any equipment-specific delivery procedures."
Guidelines for evaluated products,Evaluated product usage,"Using evaluated products",ism-0289,3,Jun-23,yes,yes,yes,yes,yes,no,no,no,"Evaluated products are installed, configured, administered and operated in an evaluated configuration and in accordance with vendor guidance."
Guidelines for evaluated products,Evaluated product usage,"Using evaluated products",ism-0290,9,Jun-24,no,no,no,yes,yes,no,no,no,"High assurance IT equipment is installed, configured, administered and operated in an evaluated configuration and in accordance with ASD guidance."
Guidelines for information technology equipment,IT equipment usage,"IT equipment management policy",ism-1551,2,Jun-24,yes,yes,yes,yes,yes,no,no,no,"An IT equipment management policy is developed, implemented and maintained."
Guidelines for information technology equipment,IT equipment usage,"Hardening IT equipment configurations",ism-1913,1,Jun-24,yes,yes,yes,yes,yes,no,no,no,"Approved configurations for IT equipment are developed, implemented and maintained."
Guidelines for information technology equipment,IT equipment usage,"Hardening IT equipment configurations",ism-1858,3,Jun-24,yes,yes,yes,yes,yes,no,no,no,"IT equipment is hardened using ASD and vendor hardening guidance, with the most restrictive guidance taking precedence when conflicts occur."
Guidelines for information technology equipment,IT equipment usage,"IT equipment registers",ism-0336,9,Jun-24,yes,yes,yes,yes,yes,no,no,no,"A networked IT equipment register is developed, implemented, maintained and verified on a regular basis."
Guidelines for information technology equipment,IT equipment usage,"IT equipment registers",ism-1869,1,Jun-24,yes,yes,yes,yes,yes,no,no,no,"A non-networked IT equipment register is developed, implemented, maintained and verified on a regular basis."
Guidelines for information technology equipment,IT equipment usage,"Labelling IT equipment",ism-0294,5,Jun-24,yes,yes,yes,yes,yes,no,no,no,"IT equipment, with the exception of high assurance IT equipment, is labelled with protective markings reflecting its sensitivity or classification."
Guidelines for information technology equipment,IT equipment usage,"Labelling high assurance IT equipment",ism-0296,7,Jun-24,no,no,no,yes,yes,no,no,no,"ASD’s approval is sought before applying labels to external surfaces of high assurance IT equipment."
Guidelines for information technology equipment,IT equipment usage,"Classifying IT equipment",ism-0293,6,Jun-24,yes,yes,yes,yes,yes,no,no,no,"IT equipment is classified based on the highest sensitivity or classification of data that it is approved for processing, storing or communicating."
Guidelines for information technology equipment,IT equipment usage,"Handling IT equipment",ism-1599,1,Jun-24,yes,yes,yes,yes,yes,no,no,no,"IT equipment is handled in a manner suitable for its sensitivity or classification."
Guidelines for information technology equipment,IT equipment maintenance and repairs,"Maintenance and repairs of high assurance IT equipment",ism-1079,7,Jun-24,no,no,no,yes,yes,no,no,no,"ASD’s approval is sought before undertaking any maintenance or repairs to high assurance IT equipment."
Guidelines for information technology equipment,IT equipment maintenance and repairs,"On-site maintenance and repairs",ism-0305,7,Jun-24,yes,yes,yes,yes,yes,no,no,no,"Maintenance and repairs of IT equipment is carried out on site by an appropriately cleared technician."
Guidelines for information technology equipment,IT equipment maintenance and repairs,"On-site maintenance and repairs",ism-0307,4,Jun-24,yes,yes,yes,yes,yes,no,no,no,"If an appropriately cleared technician is not used to undertake maintenance or repairs of IT equipment, the IT equipment and associated media is sanitised before maintenance or repair work is undertaken."
Guidelines for information technology equipment,IT equipment maintenance and repairs,"On-site maintenance and repairs",ism-0306,7,Jun-24,yes,yes,yes,yes,yes,no,no,no,"If an appropriately cleared technician is not used to undertake maintenance or repairs of IT equipment, the technician is escorted by someone who:

- is appropriately cleared and briefed
- takes due care to ensure that data is not disclosed
- takes all responsible measures to ensure the integrity of the IT equipment
- has the authority to direct the technician
- is sufficiently familiar with the IT equipment to understand the work being performed."
Guidelines for information technology equipment,IT equipment maintenance and repairs,"Off-site maintenance and repairs",ism-0310,8,Jun-24,yes,yes,yes,yes,yes,no,no,no,"IT equipment maintained or repaired off site is done so at facilities approved for handling the sensitivity or classification of the IT equipment."
Guidelines for information technology equipment,IT equipment maintenance and repairs,"Inspection of IT equipment following maintenance and repairs",ism-1598,2,Jun-25,yes,yes,yes,yes,yes,no,no,no,"Following maintenance or repair activities for IT equipment, the IT equipment is inspected to confirm it retains its approved configuration and that no unauthorised modifications have taken place."
Guidelines for information technology equipment,IT equipment sanitisation and destruction,"IT equipment sanitisation processes and procedures",ism-0313,7,Jun-24,yes,yes,yes,yes,yes,no,no,no,"IT equipment sanitisation processes, and supporting IT equipment sanitisation procedures, are developed, implemented and maintained."
Guidelines for information technology equipment,IT equipment sanitisation and destruction,"IT equipment destruction processes and procedures",ism-1741,2,Jun-24,yes,yes,yes,yes,yes,no,no,no,"IT equipment destruction processes, and supporting IT equipment destruction procedures, are developed, implemented and maintained."
Guidelines for information technology equipment,IT equipment sanitisation and destruction,"Sanitising IT equipment",ism-0311,7,Jun-24,yes,yes,yes,yes,yes,no,no,no,"IT equipment containing media is sanitised by removing the media from the IT equipment or by sanitising the media in situ."
Guidelines for information technology equipment,IT equipment sanitisation and destruction,"Sanitising IT equipment",ism-1742,1,Jun-24,yes,yes,yes,yes,yes,no,no,no,"IT equipment that cannot be sanitised is destroyed."
Guidelines for information technology equipment,IT equipment sanitisation and destruction,"Sanitising highly sensitive IT equipment",ism-1218,5,Jun-24,no,no,no,yes,yes,no,no,no,"IT equipment, including associated media, that is located overseas and has processed, stored or communicated AUSTEO or AGAO data, is sanitised in situ."
Guidelines for information technology equipment,IT equipment sanitisation and destruction,"Sanitising highly sensitive IT equipment",ism-0312,7,Jun-24,no,no,no,yes,yes,no,no,no,"IT equipment, including associated media, that is located overseas and has processed, stored or communicated AUSTEO or AGAO data that cannot be sanitised in situ, is returned to Australia for destruction."
Guidelines for information technology equipment,IT equipment sanitisation and destruction,"Destroying high assurance IT equipment",ism-0315,9,Jun-24,no,no,no,yes,yes,no,no,no,"High assurance IT equipment is destroyed prior to its disposal."
Guidelines for information technology equipment,IT equipment sanitisation and destruction,"Sanitising printers and multifunction devices",ism-0317,3,Sep-18,yes,yes,yes,yes,yes,no,no,no,"At least three pages of random text with no blank areas are printed on each colour printer cartridge or MFD print drum."
Guidelines for information technology equipment,IT equipment sanitisation and destruction,"Sanitising printers and multifunction devices",ism-1219,2,Dec-21,yes,yes,yes,yes,yes,no,no,no,"MFD print drums and image transfer rollers are inspected and destroyed if there is remnant toner which cannot be removed or a print is visible on the image transfer roller."
Guidelines for information technology equipment,IT equipment sanitisation and destruction,"Sanitising printers and multifunction devices",ism-1220,2,Dec-21,yes,yes,yes,yes,yes,no,no,no,"Printer and MFD platens are inspected and destroyed if any text or images are retained on the platen."
Guidelines for information technology equipment,IT equipment sanitisation and destruction,"Sanitising printers and multifunction devices",ism-1221,1,Sep-18,yes,yes,yes,yes,yes,no,no,no,"Printers and MFDs are checked to ensure no pages are trapped in the paper path due to a paper jam."
Guidelines for information technology equipment,IT equipment sanitisation and destruction,"Sanitising printers and multifunction devices",ism-0318,3,Sep-18,yes,yes,yes,yes,yes,no,no,no,"When unable to sanitise printer cartridges or MFD print drums, they are destroyed as per electrostatic memory devices."
Guidelines for information technology equipment,IT equipment sanitisation and destruction,"Sanitising printers and multifunction devices",ism-1534,0,Sep-18,yes,yes,yes,yes,yes,no,no,no,"Printer ribbons in printers and MFDs are removed and destroyed."
Guidelines for information technology equipment,IT equipment sanitisation and destruction,"Sanitising televisions and computer monitors",ism-1076,2,Sep-18,yes,yes,yes,yes,yes,no,no,no,"Televisions and computer monitors with minor burn-in or image persistence are sanitised by displaying a solid white image on the screen for an extended period of time."
Guidelines for information technology equipment,IT equipment sanitisation and destruction,"Sanitising televisions and computer monitors",ism-1222,1,Sep-18,yes,yes,yes,yes,yes,no,no,no,"Televisions and computer monitors that cannot be sanitised are destroyed."
Guidelines for information technology equipment,IT equipment sanitisation and destruction,"Sanitising network devices",ism-1223,6,Dec-21,yes,yes,yes,yes,yes,no,no,no,"Memory in network devices is sanitised using the following processes, in order of preference:

- following device-specific guidance provided in evaluation documentation
- following vendor sanitisation guidance
- loading a dummy configuration file, performing a factory reset and then reinstalling firmware."
Guidelines for information technology equipment,IT equipment sanitisation and destruction,"Sanitising fax machines",ism-1225,2,Sep-18,yes,yes,yes,yes,yes,no,no,no,"The paper tray of the fax machine is removed, and a fax message with a minimum length of four pages is transmitted, before the paper tray is re-installed to allow a fax summary page to be printed."
Guidelines for information technology equipment,IT equipment sanitisation and destruction,"Sanitising fax machines",ism-1226,2,Sep-18,yes,yes,yes,yes,yes,no,no,no,"Fax machines are checked to ensure no pages are trapped in the paper path due to a paper jam."
Guidelines for information technology equipment,IT equipment disposal,"IT equipment disposal processes and procedures",ism-1550,3,Jun-24,yes,yes,yes,yes,yes,no,no,no,"IT equipment disposal processes, and supporting IT equipment disposal procedures, are developed, implemented and maintained."
Guidelines for information technology equipment,IT equipment disposal,"Disposal of IT equipment",ism-1217,3,Jun-24,yes,yes,yes,yes,yes,no,no,no,"Labels and markings indicating the owner, sensitivity, classification or any other marking that can associate IT equipment with its prior use are removed prior to its disposal."
Guidelines for information technology equipment,IT equipment disposal,"Disposal of IT equipment",ism-0321,6,Jun-24,no,no,no,yes,yes,no,no,no,"When disposing of IT equipment that has been designed or modified to meet emanation security standards, ASD is contacted for requirements relating to its disposal."
Guidelines for information technology equipment,IT equipment disposal,"Disposal of IT equipment",ism-0316,4,Jun-24,yes,yes,yes,yes,yes,no,no,no,"Following sanitisation, destruction or declassification, a formal administrative decision is made to release IT equipment, or its waste, into the public domain."
Guidelines for media,Media usage,"Media management policy",ism-1549,1,Dec-22,yes,yes,yes,yes,yes,no,no,no,"A media management policy is developed, implemented and maintained."
Guidelines for media,Media usage,"Removable media usage policy",ism-1359,4,Dec-22,yes,yes,yes,yes,yes,no,no,no,"A removable media usage policy is developed, implemented and maintained."
Guidelines for media,Media usage,"Removable media register",ism-1713,2,Dec-22,yes,yes,yes,yes,yes,no,no,no,"A removable media register is developed, implemented, maintained and verified on a regular basis."
Guidelines for media,Media usage,"Labelling media",ism-0332,5,Jun-24,yes,yes,yes,yes,yes,no,no,no,"Media, with the exception of internally mounted fixed media within information technology equipment, is labelled with protective markings reflecting its sensitivity or classification."
Guidelines for media,Media usage,"Classifying media",ism-0323,8,Dec-21,yes,yes,yes,yes,yes,no,no,no,"Media is classified to the highest sensitivity or classification of data it stores, unless the media has been classified to a higher sensitivity or classification."
Guidelines for media,Media usage,"Classifying media",ism-0337,6,Dec-21,yes,yes,yes,yes,yes,no,no,no,"Media is only used with systems that are authorised to process, store or communicate its sensitivity or classification."
Guidelines for media,Media usage,"Reclassifying media",ism-0325,6,Apr-21,yes,yes,yes,yes,yes,no,no,no,"Any media connected to a system with a higher sensitivity or classification than the media is reclassified to the higher sensitivity or classification, unless the media is read-only or the system has a mechanism through which read-only access can be ensured."
Guidelines for media,Media usage,"Reclassifying media",ism-0330,7,Mar-22,yes,yes,yes,yes,yes,no,no,no,"Before reclassifying media to a lower sensitivity or classification, the media is sanitised or destroyed, and a formal administrative decision is made to reclassify it."
Guidelines for media,Media usage,"Handling media",ism-0831,5,Sep-18,yes,yes,yes,yes,yes,no,no,no,"Media is handled in a manner suitable for its sensitivity or classification."
Guidelines for media,Media usage,"Handling media",ism-1059,4,Dec-21,yes,yes,yes,yes,yes,no,no,no,"All data stored on media is encrypted."
Guidelines for media,Media usage,"Sanitising media before first use",ism-1600,1,Apr-21,yes,yes,yes,yes,yes,no,no,no,"Media is sanitised before it is used for the first time."
Guidelines for media,Media usage,"Sanitising media before first use",ism-1642,0,Apr-21,yes,yes,yes,yes,yes,no,no,no,"Media is sanitised before it is reused in a different security domain."
Guidelines for media,Media usage,"Using media for data transfers",ism-0347,5,Apr-21,yes,yes,yes,yes,yes,no,no,no,"When transferring data manually between two systems belonging to different security domains, write-once media is used unless the destination system has a mechanism through which read-only access can be ensured."
Guidelines for media,Media usage,"Using media for data transfers",ism-0947,6,Apr-21,yes,yes,yes,yes,yes,no,no,no,"When transferring data manually between two systems belonging to different security domains, rewritable media is sanitised after each data transfer."
Guidelines for media,Media sanitisation,"Media sanitisation processes and procedures",ism-0348,5,Dec-22,yes,yes,yes,yes,yes,no,no,no,"Media sanitisation processes, and supporting media sanitisation procedures, are developed, implemented and maintained."
Guidelines for media,Media sanitisation,"Volatile media sanitisation",ism-0351,6,Dec-21,yes,yes,yes,yes,yes,no,no,no,"Volatile media is sanitised by removing its power for at least 10 minutes."
Guidelines for media,Media sanitisation,"Volatile media sanitisation",ism-0352,4,Dec-21,no,no,no,yes,yes,no,no,no,"SECRET and TOP SECRET volatile media is sanitised by overwriting it at least once in its entirety with a random pattern followed by a read back for verification."
Guidelines for media,Media sanitisation,"Treatment of volatile media following sanitisation",ism-0835,4,Dec-21,no,no,no,no,yes,no,no,no,"Following sanitisation, TOP SECRET volatile media retains its classification if it stored static data for an extended period of time, or had data repeatedly stored on or written to the same memory location for an extended period of time."
Guidelines for media,Media sanitisation,"Non-volatile magnetic media sanitisation",ism-0354,6,Dec-21,yes,yes,yes,yes,yes,no,no,no,"Non-volatile magnetic media is sanitised by overwriting it at least once (or three times if pre-2001 or under 15 GB) in its entirety with a random pattern followed by a read back for verification."
Guidelines for media,Media sanitisation,"Non-volatile magnetic media sanitisation",ism-1065,3,Dec-21,yes,yes,yes,yes,yes,no,no,no,"The host-protected area and device configuration overlay table are reset prior to the sanitisation of non-volatile magnetic hard drives."
Guidelines for media,Media sanitisation,"Non-volatile magnetic media sanitisation",ism-1067,4,Dec-21,yes,yes,yes,yes,yes,no,no,no,"The ATA secure erase command is used, in addition to block overwriting software, to ensure the growth defects table of non-volatile magnetic hard drives is overwritten."
Guidelines for media,Media sanitisation,"Treatment of non-volatile magnetic media following sanitisation",ism-0356,6,Dec-21,no,no,no,yes,yes,no,no,no,"Following sanitisation, SECRET and TOP SECRET non-volatile magnetic media retains its classification."
Guidelines for media,Media sanitisation,"Non-volatile erasable programmable read-only memory media sanitisation",ism-0357,5,Dec-21,yes,yes,yes,yes,yes,no,no,no,"Non-volatile EPROM media is sanitised by applying three times the manufacturer’s specified ultraviolet erasure time and then overwriting it at least once in its entirety with a random pattern followed by a read back for verification."
Guidelines for media,Media sanitisation,"Non-volatile electrically erasable programmable read-only memory media sanitisation",ism-0836,3,Dec-21,yes,yes,yes,yes,yes,no,no,no,"Non-volatile EEPROM media is sanitised by overwriting it at least once in its entirety with a random pattern followed by a read back for verification."
Guidelines for media,Media sanitisation,"Treatment of non-volatile erasable and electrically erasable programmable read-only memory media following sanitisation",ism-0358,6,Dec-21,no,no,no,yes,yes,no,no,no,"Following sanitisation, SECRET and TOP SECRET non-volatile EPROM and EEPROM media retains its classification."
Guidelines for media,Media sanitisation,"Non-volatile flash memory media sanitisation",ism-0359,4,Dec-21,yes,yes,yes,yes,yes,no,no,no,"Non-volatile flash memory media is sanitised by overwriting it at least twice in its entirety with a random pattern followed by a read back for verification."
Guidelines for media,Media sanitisation,"Treatment of non-volatile flash memory media following sanitisation",ism-0360,6,Dec-21,no,no,no,yes,yes,no,no,no,"Following sanitisation, SECRET and TOP SECRET non-volatile flash memory media retains its classification."
Guidelines for media,Media sanitisation,"Media that cannot be successfully sanitised",ism-1735,1,Sep-24,yes,yes,yes,yes,yes,no,no,no,"Media that cannot be successfully sanitised is destroyed prior to its disposal."
Guidelines for media,Media destruction,"Media destruction processes and procedures",ism-0363,4,Dec-22,yes,yes,yes,yes,yes,no,no,no,"Media destruction processes, and supporting media destruction procedures, are developed, implemented and maintained."
Guidelines for media,Media destruction,"Media that cannot be sanitised",ism-0350,5,Dec-21,yes,yes,yes,yes,yes,no,no,no,"The following media types are destroyed prior to their disposal:

- microfiche and microfilm
- optical discs
- programmable read-only memory
- read-only memory
- other types of media that cannot be sanitised."
Guidelines for media,Media destruction,"Media destruction equipment",ism-1361,3,Jun-22,yes,yes,yes,yes,yes,no,no,no,"Security Construction and Equipment Committee-approved equipment or ASIO-approved equipment is used when destroying media."
Guidelines for media,Media destruction,"Media destruction equipment",ism-1160,2,Aug-20,yes,yes,yes,yes,yes,no,no,no,"If using degaussers to destroy media, degaussers evaluated by the United States’ National Security Agency are used."
Guidelines for media,Media destruction,"Media destruction methods",ism-1517,0,Sep-18,yes,yes,yes,yes,yes,no,no,no,"Equipment that is capable of reducing microform to a fine powder, with resultant particles not showing more than five consecutive characters per particle upon microscopic inspection, is used to destroy microfiche and microfilm."
Guidelines for media,Media destruction,"Media destruction methods",ism-1722,1,Mar-22,yes,yes,yes,yes,yes,no,no,no,"Electrostatic memory devices are destroyed using a furnace/incinerator, hammer mill, disintegrator or grinder/sander."
Guidelines for media,Media destruction,"Media destruction methods",ism-1723,1,Mar-22,yes,yes,yes,yes,yes,no,no,no,"Magnetic floppy disks are destroyed using a furnace/incinerator, hammer mill, disintegrator, degausser or by cutting."
Guidelines for media,Media destruction,"Media destruction methods",ism-1724,1,Mar-22,yes,yes,yes,yes,yes,no,no,no,"Magnetic hard disks are destroyed using a furnace/incinerator, hammer mill, disintegrator, grinder/sander or degausser."
Guidelines for media,Media destruction,"Media destruction methods",ism-1725,1,Mar-22,yes,yes,yes,yes,yes,no,no,no,"Magnetic tapes are destroyed using a furnace/incinerator, hammer mill, disintegrator, degausser or by cutting."
Guidelines for media,Media destruction,"Media destruction methods",ism-1726,1,Mar-22,yes,yes,yes,yes,yes,no,no,no,"Optical disks are destroyed using a furnace/incinerator, hammer mill, disintegrator, grinder/sander or by cutting."
Guidelines for media,Media destruction,"Media destruction methods",ism-1727,1,Mar-22,yes,yes,yes,yes,yes,no,no,no,"Semiconductor memory is destroyed using a furnace/incinerator, hammer mill or disintegrator."
Guidelines for media,Media destruction,"Media destruction methods",ism-0368,8,Mar-22,yes,yes,yes,yes,yes,no,no,no,"Media destroyed using a hammer mill, disintegrator, grinder/sander or by cutting results in media waste particles no larger than 9 mm."
Guidelines for media,Media destruction,"Treatment of media waste particles",ism-1728,0,Dec-21,no,no,no,yes,no,no,no,no,"The resulting media waste particles from the destruction of SECRET media is stored and handled as OFFICIAL if less than or equal to 3 mm, PROTECTED if greater than 3 mm and less than or equal to 6 mm, or SECRET if greater than 6 mm and less than or equal to 9 mm."
Guidelines for media,Media destruction,"Treatment of media waste particles",ism-1729,0,Dec-21,no,no,no,no,yes,no,no,no,"The resulting media waste particles from the destruction of TOP SECRET media is stored and handled as OFFICIAL if less than or equal to 3 mm, or SECRET if greater than 3 mm and less than or equal to 9 mm."
Guidelines for media,Media destruction,"Degaussing magnetic media",ism-0361,4,Dec-21,yes,yes,yes,yes,yes,no,no,no,"Magnetic media is destroyed using a degausser with a suitable magnetic field strength and magnetic orientation."
Guidelines for media,Media destruction,"Degaussing magnetic media",ism-0362,4,Mar-22,yes,yes,yes,yes,yes,no,no,no,"Product-specific directions provided by degausser manufacturers are followed."
Guidelines for media,Media destruction,"Degaussing magnetic media",ism-1641,2,Mar-22,yes,yes,yes,yes,yes,no,no,no,"Following the use of a degausser, magnetic media is physically damaged by deforming any internal platters."
Guidelines for media,Media destruction,"Supervision of destruction",ism-0370,6,Sep-23,yes,yes,yes,yes,yes,no,no,no,"The destruction of media is performed under the supervision of at least one cleared person."
Guidelines for media,Media destruction,"Supervision of destruction",ism-0371,4,Dec-21,yes,yes,yes,yes,yes,no,no,no,"Personnel supervising the destruction of media supervise its handling to the point of destruction and ensure that the destruction is completed successfully."
Guidelines for media,Media destruction,"Supervision of accountable material destruction",ism-0372,6,Sep-23,yes,yes,yes,yes,yes,no,no,no,"The destruction of media storing accountable material is performed under the supervision of at least two cleared personnel."
Guidelines for media,Media destruction,"Supervision of accountable material destruction",ism-0373,4,Dec-21,yes,yes,yes,yes,yes,no,no,no,"Personnel supervising the destruction of media storing accountable material supervise its handling to the point of destruction, ensure that the destruction is completed successfully and sign a destruction certificate afterwards."
Guidelines for media,Media destruction,"Outsourcing media destruction",ism-0839,3,Dec-21,no,yes,yes,yes,yes,no,no,no,"The destruction of media storing accountable material is not outsourced."
Guidelines for media,Media destruction,"Outsourcing media destruction",ism-0840,4,Jun-22,no,yes,yes,yes,no,no,no,no,"When outsourcing the destruction of media storing non-accountable material, a National Association for Information Destruction AAA certified destruction service with endorsements, as specified in ASIO’s Protective Security Circular-167, is used."
Guidelines for media,Media disposal,"Media disposal processes and procedures",ism-0374,4,Dec-22,yes,yes,yes,yes,yes,no,no,no,"Media disposal processes, and supporting media disposal procedures, are developed, implemented and maintained."
Guidelines for media,Media disposal,"Disposal of media",ism-0378,4,Dec-21,yes,yes,yes,yes,yes,no,no,no,"Labels and markings indicating the owner, sensitivity, classification or any other marking that can associate media with its prior use are removed prior to its disposal."
Guidelines for media,Media disposal,"Disposal of media",ism-0375,6,Dec-21,yes,yes,yes,yes,yes,no,no,no,"Following sanitisation, destruction or declassification, a formal administrative decision is made to release media, or its waste, into the public domain."
Guidelines for system hardening,Operating system hardening,"Operating system selection",ism-1743,2,Mar-25,yes,yes,yes,yes,yes,no,no,no,"Vendors that have demonstrated a commitment to Secure by Design and Secure by Default principles and practices, including secure programming practices and either memory-safe programming languages or less preferably memory-safe programming practices, are used for operating systems."
Guidelines for system hardening,Operating system hardening,"Operating system releases and versions",ism-1407,5,Dec-22,yes,yes,yes,yes,yes,no,no,no,"The latest release, or the previous release, of operating systems are used."
Guidelines for system hardening,Operating system hardening,"Operating system releases and versions",ism-1408,5,Dec-22,yes,yes,yes,yes,yes,no,no,no,"Where supported, 64-bit versions of operating systems are used."
Guidelines for system hardening,Operating system hardening,"Standard Operating Environments",ism-1406,2,Aug-20,yes,yes,yes,yes,yes,no,no,no,"SOEs are used for workstations and servers."
Guidelines for system hardening,Operating system hardening,"Standard Operating Environments",ism-1608,1,Mar-22,yes,yes,yes,yes,yes,no,no,no,"SOEs provided by third parties are scanned for malicious code and configurations."
Guidelines for system hardening,Operating system hardening,"Standard Operating Environments",ism-1588,0,Aug-20,yes,yes,yes,yes,yes,no,no,no,"SOEs are reviewed and updated at least annually."
Guidelines for system hardening,Operating system hardening,"Hardening operating system configurations",ism-1914,0,Mar-24,yes,yes,yes,yes,yes,no,no,no,"Approved configurations for operating systems are developed, implemented and maintained."
Guidelines for system hardening,Operating system hardening,"Hardening operating system configurations",ism-1409,4,Dec-23,yes,yes,yes,yes,yes,no,no,no,"Operating systems are hardened using ASD and vendor hardening guidance, with the most restrictive guidance taking precedence when conflicts occur."
Guidelines for system hardening,Operating system hardening,"Hardening operating system configurations",ism-0383,11,Jun-25,yes,yes,yes,yes,yes,no,no,no,"Default user accounts or credentials for operating systems, including for any pre-configured user accounts, are changed, disabled or removed during initial setup."
Guidelines for system hardening,Operating system hardening,"Hardening operating system configurations",ism-0380,10,Dec-24,yes,yes,yes,yes,yes,no,no,no,"Unneeded user accounts, components, services and functionality of operating systems are disabled or removed."
Guidelines for system hardening,Operating system hardening,"Hardening operating system configurations",ism-0341,4,Dec-21,yes,yes,yes,yes,yes,no,no,no,"Automatic execution features for removable media are disabled."
Guidelines for system hardening,Operating system hardening,"Hardening operating system configurations",ism-1654,0,Sep-21,yes,yes,yes,yes,yes,no,no,no,"Internet Explorer 11 is disabled or removed."
Guidelines for system hardening,Operating system hardening,"Hardening operating system configurations",ism-1655,0,Sep-21,yes,yes,yes,yes,yes,no,no,no,".NET Framework 3.5 (includes .NET 2.0 and 3.0) is disabled or removed."
Guidelines for system hardening,Operating system hardening,"Hardening operating system configurations",ism-1492,2,Mar-22,yes,yes,yes,yes,yes,no,no,no,"Operating system exploit protection functionality is enabled."
Guidelines for system hardening,Operating system hardening,"Hardening operating system configurations",ism-1745,0,Mar-22,yes,yes,yes,yes,yes,no,no,no,"Early Launch Antimalware, Secure Boot, Trusted Boot and Measured Boot functionality is enabled."
Guidelines for system hardening,Operating system hardening,"Hardening operating system configurations",ism-1584,1,Sep-21,yes,yes,yes,yes,yes,no,no,no,"Unprivileged users are prevented from bypassing, disabling or modifying security functionality of operating systems."
Guidelines for system hardening,Operating system hardening,"Hardening operating system configurations",ism-1491,3,Mar-22,yes,yes,yes,yes,yes,no,no,no,"Unprivileged users are prevented from running script execution engines, including:

- Windows Script Host (cscript.exe and wscript.exe)
- PowerShell (powershell.exe, powershell_ise.exe and pwsh.exe)
- Command Prompt (cmd.exe)
- Windows Management Instrumentation (wmic.exe)
- Microsoft Hypertext Markup Language (HTML) Application Host (mshta.exe)."
Guidelines for system hardening,Operating system hardening,"Application management",ism-1592,2,Jun-25,yes,yes,yes,yes,yes,no,no,no,"Unprivileged users do not have the ability to install unapproved applications."
Guidelines for system hardening,Operating system hardening,"Application management",ism-0382,8,Jun-25,yes,yes,yes,yes,yes,no,no,no,"Unprivileged users do not have the ability to uninstall or disable approved applications."
Guidelines for system hardening,Operating system hardening,"Application control",ism-0843,9,Sep-21,yes,yes,yes,yes,yes,no,no,no,"Application control is implemented on workstations."
Guidelines for system hardening,Operating system hardening,"Application control",ism-1490,3,Sep-21,yes,yes,yes,yes,yes,no,no,no,"Application control is implemented on internet-facing servers."
Guidelines for system hardening,Operating system hardening,"Application control",ism-1656,0,Sep-21,yes,yes,yes,yes,yes,no,no,no,"Application control is implemented on non-internet-facing servers."
Guidelines for system hardening,Operating system hardening,"Application control",ism-1870,0,Sep-23,yes,yes,yes,yes,yes,no,no,no,"Application control is applied to user profiles and temporary folders used by operating systems, web browsers and email clients."
Guidelines for system hardening,Operating system hardening,"Application control",ism-1871,0,Sep-23,yes,yes,yes,yes,yes,no,no,no,"Application control is applied to all locations other than user profiles and temporary folders used by operating systems, web browsers and email clients."
Guidelines for system hardening,Operating system hardening,"Application control",ism-1657,1,Sep-25,yes,yes,yes,yes,yes,no,no,no,"Application control restricts the execution of executables, libraries, scripts, installers, compiled HTML, HTML applications and control panel applets to an organisation-approved set."
Guidelines for system hardening,Operating system hardening,"Application control",ism-1658,0,Sep-21,yes,yes,yes,yes,yes,no,no,no,"Application control restricts the execution of drivers to an organisation-approved set."
Guidelines for system hardening,Operating system hardening,"Application control",ism-0955,6,Apr-20,yes,yes,yes,yes,yes,no,no,no,"Application control is implemented using cryptographic hash rules, publisher certificate rules or path rules."
Guidelines for system hardening,Operating system hardening,"Application control",ism-1471,3,Jun-24,yes,yes,yes,yes,yes,no,no,no,"When implementing application control using publisher certificate rules, publisher names and product names are used."
Guidelines for system hardening,Operating system hardening,"Application control",ism-1392,4,Mar-23,yes,yes,yes,yes,yes,no,no,no,"When implementing application control using path rules, only approved users can modify approved files and write to approved folders."
Guidelines for system hardening,Operating system hardening,"Application control",ism-1746,1,Mar-23,yes,yes,yes,yes,yes,no,no,no,"When implementing application control using path rules, only approved users can change file system permissions for approved files and folders."
Guidelines for system hardening,Operating system hardening,"Application control",ism-1544,3,Dec-23,yes,yes,yes,yes,yes,no,no,no,"Microsoft’s recommended application blocklist is implemented."
Guidelines for system hardening,Operating system hardening,"Application control",ism-1659,1,Dec-23,yes,yes,yes,yes,yes,no,no,no,"Microsoft’s vulnerable driver blocklist is implemented."
Guidelines for system hardening,Operating system hardening,"Application control",ism-1582,1,Sep-21,yes,yes,yes,yes,yes,no,no,no,"Application control rulesets are validated on an annual or more frequent basis."
Guidelines for system hardening,Operating system hardening,"Application control",ism-0846,8,Mar-22,yes,yes,yes,yes,yes,no,no,no,"All users (with the exception of local administrator accounts and break glass accounts) cannot disable, bypass or be exempted from application control."
Guidelines for system hardening,Operating system hardening,"Application control",ism-1660,2,Dec-23,yes,yes,yes,yes,yes,no,no,no,"Allowed and blocked application control events are centrally logged."
Guidelines for system hardening,Operating system hardening,"Command Shell",ism-1889,0,Dec-23,yes,yes,yes,yes,yes,no,no,no,"Command line process creation events are centrally logged."
Guidelines for system hardening,Operating system hardening,"PowerShell",ism-1621,1,Sep-21,yes,yes,yes,yes,yes,no,no,no,"Windows PowerShell 2.0 is disabled or removed."
Guidelines for system hardening,Operating system hardening,"PowerShell",ism-1622,0,Oct-20,yes,yes,yes,yes,yes,no,no,no,"PowerShell is configured to use Constrained Language Mode."
Guidelines for system hardening,Operating system hardening,"PowerShell",ism-1623,1,Dec-23,yes,yes,yes,yes,yes,no,no,no,"PowerShell module logging, script block logging and transcription events are centrally logged."
Guidelines for system hardening,Operating system hardening,"PowerShell",ism-1624,0,Oct-20,yes,yes,yes,yes,yes,no,no,no,"PowerShell script block logs are protected by Protected Event Logging functionality."
Guidelines for system hardening,Operating system hardening,"Host-based intrusion detection and response solution",ism-1341,3,Mar-25,yes,yes,yes,yes,yes,no,no,no,"A HIPS or EDR solution is implemented on workstations."
Guidelines for system hardening,Operating system hardening,"Host-based intrusion detection and response solution",ism-1034,8,Mar-25,yes,yes,yes,yes,yes,no,no,no,"A HIPS or EDR solution is implemented on critical servers and high-value servers."
Guidelines for system hardening,Operating system hardening,"Software firewall",ism-1416,3,Mar-22,yes,yes,yes,yes,yes,no,no,no,"A software firewall is implemented on workstations and servers to restrict inbound and outbound network connections to an organisation-approved set of applications and services."
Guidelines for system hardening,Operating system hardening,"Antivirus application",ism-1417,5,Jun-25,yes,yes,yes,yes,yes,no,no,no,"An antivirus application is implemented on workstations and servers with:

- signature-based detection functionality enabled and set to a high level
- heuristic-based detection functionality enabled and set to a high level
- reputation rating functionality enabled
- ransomware protection functionality enabled
- detection signatures configured to update on at least a daily basis
- regular scanning configured for all fixed disks and removable media."
Guidelines for system hardening,Operating system hardening,"Device access control",ism-1418,5,Jun-25,yes,yes,yes,yes,yes,no,no,no,"If there is no business requirement for reading from removable media and devices, such functionality is disabled via the use of a device access control application or by disabling external communication interfaces."
Guidelines for system hardening,Operating system hardening,"Device access control",ism-0343,7,Jun-25,yes,yes,yes,yes,yes,no,no,no,"If there is no business requirement for writing to removable media and devices, such functionality is disabled via the use of a device access control application or by disabling external communication interfaces."
Guidelines for system hardening,Operating system hardening,"Device access control",ism-0345,6,Dec-21,yes,yes,yes,yes,yes,no,no,no,"External communication interfaces that allow DMA are disabled."
Guidelines for system hardening,Operating system hardening,"Operating system event logging",ism-1976,0,Dec-24,yes,yes,yes,yes,yes,no,no,no,"Security-relevant events for Apple macOS operating systems are centrally logged."
Guidelines for system hardening,Operating system hardening,"Operating system event logging",ism-1977,0,Dec-24,yes,yes,yes,yes,yes,no,no,no,"Security-relevant events for Linux operating systems are centrally logged."
Guidelines for system hardening,Operating system hardening,"Operating system event logging",ism-0582,10,Dec-24,yes,yes,yes,yes,yes,no,no,no,"Security-relevant events for Microsoft Windows operating systems are centrally logged."
Guidelines for system hardening,User application hardening,"User application selection",ism-0938,7,Mar-25,yes,yes,yes,yes,yes,no,no,no,"Vendors that have demonstrated a commitment to Secure by Design and Secure by Default principles and practices, including secure programming practices and either memory-safe programming languages or less preferably memory-safe programming practices, are used for user applications."
Guidelines for system hardening,User application hardening,"User application releases",ism-1467,4,Jun-25,yes,yes,yes,yes,yes,no,no,no,"The latest release of office productivity suites, web browsers and their extensions, email clients, PDF applications, and security products are used."
Guidelines for system hardening,User application hardening,"Hardening user application configurations",ism-1915,0,Mar-24,yes,yes,yes,yes,yes,no,no,no,"Approved configurations for user applications are developed, implemented and maintained."
Guidelines for system hardening,User application hardening,"Hardening user application configurations",ism-1806,4,Jun-25,yes,yes,yes,yes,yes,no,no,no,"Default user accounts or credentials for user applications, including for any pre-configured user accounts, are changed, disabled or removed during initial setup."
Guidelines for system hardening,User application hardening,"Hardening user application configurations",ism-1470,6,Jun-25,yes,yes,yes,yes,yes,no,no,no,"Unneeded components, services and functionality of office productivity suites, web browsers, email clients, PDF applications and security products are disabled or removed."
Guidelines for system hardening,User application hardening,"Hardening user application configurations",ism-1235,5,Jun-25,yes,yes,yes,yes,yes,no,no,no,"Add-ons, extensions and plug-ins for office productivity suites, web browsers, email clients, PDF applications and security products are restricted to an organisation-approved set."
Guidelines for system hardening,User application hardening,"Hardening user application configurations",ism-1667,0,Sep-21,yes,yes,yes,yes,yes,no,no,no,"Microsoft Office is blocked from creating child processes."
Guidelines for system hardening,User application hardening,"Hardening user application configurations",ism-1668,0,Sep-21,yes,yes,yes,yes,yes,no,no,no,"Microsoft Office is blocked from creating executable content."
Guidelines for system hardening,User application hardening,"Hardening user application configurations",ism-1669,0,Sep-21,yes,yes,yes,yes,yes,no,no,no,"Microsoft Office is blocked from injecting code into other processes."
Guidelines for system hardening,User application hardening,"Hardening user application configurations",ism-1542,0,Jan-19,yes,yes,yes,yes,yes,no,no,no,"Microsoft Office is configured to prevent activation of Object Linking and Embedding packages."
Guidelines for system hardening,User application hardening,"Hardening user application configurations",ism-1859,2,Dec-23,yes,yes,yes,yes,yes,no,no,no,"Office productivity suites are hardened using ASD and vendor hardening guidance, with the most restrictive guidance taking precedence when conflicts occur."
Guidelines for system hardening,User application hardening,"Hardening user application configurations",ism-1823,0,Mar-23,yes,yes,yes,yes,yes,no,no,no,"Office productivity suite security settings cannot be changed by users."
Guidelines for system hardening,User application hardening,"Hardening user application configurations",ism-1486,1,Sep-21,yes,yes,yes,yes,yes,no,no,no,"Web browsers do not process Java from the internet."
Guidelines for system hardening,User application hardening,"Hardening user application configurations",ism-1485,1,Sep-21,yes,yes,yes,yes,yes,no,no,no,"Web browsers do not process web advertisements from the internet."
Guidelines for system hardening,User application hardening,"Hardening user application configurations",ism-1412,6,Dec-23,yes,yes,yes,yes,yes,no,no,no,"Web browsers are hardened using ASD and vendor hardening guidance, with the most restrictive guidance taking precedence when conflicts occur."
Guidelines for system hardening,User application hardening,"Hardening user application configurations",ism-1585,2,Mar-23,yes,yes,yes,yes,yes,no,no,no,"Web browser security settings cannot be changed by users."
Guidelines for system hardening,User application hardening,"Hardening user application configurations",ism-1670,1,Jun-25,yes,yes,yes,yes,yes,no,no,no,"PDF applications are blocked from creating child processes."
Guidelines for system hardening,User application hardening,"Hardening user application configurations",ism-1860,3,Jun-25,yes,yes,yes,yes,yes,no,no,no,"PDF applications are hardened using ASD and vendor hardening guidance, with the most restrictive guidance taking precedence when conflicts occur."
Guidelines for system hardening,User application hardening,"Hardening user application configurations",ism-1824,1,Jun-25,yes,yes,yes,yes,yes,no,no,no,"PDF application security settings cannot be changed by users."
Guidelines for system hardening,User application hardening,"Hardening user application configurations",ism-1601,1,Mar-22,yes,yes,yes,yes,yes,no,no,no,"Microsoft’s attack surface reduction rules are implemented."
Guidelines for system hardening,User application hardening,"Hardening user application configurations",ism-1748,1,Mar-23,yes,yes,yes,yes,yes,no,no,no,"Email client security settings cannot be changed by users."
Guidelines for system hardening,User application hardening,"Hardening user application configurations",ism-1825,0,Mar-23,yes,yes,yes,yes,yes,no,no,no,"Security product security settings cannot be changed by users."
Guidelines for system hardening,User application hardening,"Microsoft Office macros",ism-1671,0,Sep-21,yes,yes,yes,yes,yes,no,no,no,"Microsoft Office macros are disabled for users that do not have a demonstrated business requirement."
Guidelines for system hardening,User application hardening,"Microsoft Office macros",ism-1488,1,Sep-21,yes,yes,yes,yes,yes,no,no,no,"Microsoft Office macros in files originating from the internet are blocked."
Guidelines for system hardening,User application hardening,"Microsoft Office macros",ism-1672,0,Sep-21,yes,yes,yes,yes,yes,no,no,no,"Microsoft Office macro antivirus scanning is enabled."
Guidelines for system hardening,User application hardening,"Microsoft Office macros",ism-1673,0,Sep-21,yes,yes,yes,yes,yes,no,no,no,"Microsoft Office macros are blocked from making Win32 API calls."
Guidelines for system hardening,User application hardening,"Microsoft Office macros",ism-1674,0,Sep-21,yes,yes,yes,yes,yes,no,no,no,"Only Microsoft Office macros running from within a sandboxed environment, a Trusted Location or that are digitally signed by a trusted publisher are allowed to execute."
Guidelines for system hardening,User application hardening,"Microsoft Office macros",ism-1890,0,Dec-23,yes,yes,yes,yes,yes,no,no,no,"Microsoft Office macros are checked to ensure they are free of malicious code before being digitally signed or placed within Trusted Locations."
Guidelines for system hardening,User application hardening,"Microsoft Office macros",ism-1487,2,Dec-23,yes,yes,yes,yes,yes,no,no,no,"Only privileged users responsible for checking that Microsoft Office macros are free of malicious code can write to and modify content within Trusted Locations."
Guidelines for system hardening,User application hardening,"Microsoft Office macros",ism-1675,0,Sep-21,yes,yes,yes,yes,yes,no,no,no,"Microsoft Office macros digitally signed by an untrusted publisher cannot be enabled via the Message Bar or Backstage View."
Guidelines for system hardening,User application hardening,"Microsoft Office macros",ism-1891,0,Dec-23,yes,yes,yes,yes,yes,no,no,no,"Microsoft Office macros digitally signed by signatures other than V3 signatures cannot be enabled via the Message Bar or Backstage View."
Guidelines for system hardening,User application hardening,"Microsoft Office macros",ism-1676,0,Sep-21,yes,yes,yes,yes,yes,no,no,no,"Microsoft Office’s list of trusted publishers is validated on an annual or more frequent basis."
Guidelines for system hardening,User application hardening,"Microsoft Office macros",ism-1489,0,Sep-18,yes,yes,yes,yes,yes,no,no,no,"Microsoft Office macro security settings cannot be changed by users."
Guidelines for system hardening,Server application hardening,"Server application selection",ism-1826,1,Mar-25,yes,yes,yes,yes,yes,no,no,no,"Vendors that have demonstrated a commitment to Secure by Design and Secure by Default principles and practices, including secure programming practices and either memory-safe programming languages or less preferably memory-safe programming practices, are used for server applications."
Guidelines for system hardening,Server application hardening,"Server application releases",ism-1483,2,Mar-23,yes,yes,yes,yes,yes,no,no,no,"The latest release of internet-facing server applications are used."
Guidelines for system hardening,Server application hardening,"Hardening server application configurations",ism-1916,0,Mar-24,yes,yes,yes,yes,yes,no,no,no,"Approved configurations for server applications are developed, implemented and maintained."
Guidelines for system hardening,Server application hardening,"Hardening server application configurations",ism-1246,6,Dec-23,yes,yes,yes,yes,yes,no,no,no,"Server applications are hardened using ASD and vendor hardening guidance, with the most restrictive guidance taking precedence when conflicts occur."
Guidelines for system hardening,Server application hardening,"Hardening server application configurations",ism-1260,7,Jun-25,yes,yes,yes,yes,yes,no,no,no,"Default user accounts or credentials for server applications, including for any pre-configured user accounts, are changed, disabled or removed during initial setup."
Guidelines for system hardening,Server application hardening,"Hardening server application configurations",ism-1247,5,Dec-24,yes,yes,yes,yes,yes,no,no,no,"Unneeded user accounts, components, services and functionality of server applications are disabled or removed."
Guidelines for system hardening,Server application hardening,"Hardening server application configurations",ism-1245,3,Mar-23,yes,yes,yes,yes,yes,no,no,no,"All temporary installation files and logs created during server application installation processes are removed after server applications have been installed."
Guidelines for system hardening,Server application hardening,"Restricting privileges for server applications",ism-1249,4,Dec-24,yes,yes,yes,yes,yes,no,no,no,"Server applications are configured to run as a separate user account with the minimum privileges needed to perform their functions."
Guidelines for system hardening,Server application hardening,"Restricting privileges for server applications",ism-1250,3,Dec-24,yes,yes,yes,yes,yes,no,no,no,"The user accounts under which server applications run have limited access to their underlying server’s file system."
Guidelines for system hardening,Server application hardening,"Microsoft Active Directory services",ism-1926,0,Sep-24,yes,yes,yes,yes,yes,no,no,no,"Microsoft AD DS domain controllers, Microsoft AD CS CA servers, Microsoft AD FS servers and Microsoft Entra Connect servers are only used for their designed role and no other applications or services are installed, unless they are security related."
Guidelines for system hardening,Server application hardening,"Microsoft Active Directory services",ism-1927,0,Sep-24,yes,yes,yes,yes,yes,no,no,no,"Access to Microsoft AD DS domain controllers, Microsoft AD CS CA servers, Microsoft AD FS servers and Microsoft Entra Connect servers is limited to privileged users that require access."
Guidelines for system hardening,Server application hardening,"Microsoft Active Directory services",ism-1928,0,Sep-24,yes,yes,yes,yes,yes,no,no,no,"Backups of Microsoft AD DS domain controllers, Microsoft AD CS CA servers, Microsoft AD FS servers and Microsoft Entra Connect servers are encrypted, stored securely and only accessible to backup administrator accounts."
Guidelines for system hardening,Server application hardening,"Microsoft Active Directory services",ism-1830,2,Sep-24,yes,yes,yes,yes,yes,no,no,no,"Security-relevant events for Microsoft AD DS domain controllers, Microsoft AD CS CA servers, Microsoft AD FS servers and Microsoft Entra Connect servers are centrally logged."
Guidelines for system hardening,Server application hardening,"Microsoft Active Directory Domain Services domain controllers",ism-1827,0,Mar-23,yes,yes,yes,yes,yes,no,no,no,"Microsoft AD DS domain controllers are administered using dedicated domain administrator user accounts that are not used to administer other systems."
Guidelines for system hardening,Server application hardening,"Microsoft Active Directory Domain Services domain controllers",ism-1929,0,Sep-24,yes,yes,yes,yes,yes,no,no,no,"Lightweight Directory Access Protocol signing is enabled on Microsoft AD DS domain controllers."
Guidelines for system hardening,Server application hardening,"Microsoft Active Directory Domain Services domain controllers",ism-1828,0,Mar-23,yes,yes,yes,yes,yes,no,no,no,"The Print Spooler service is disabled on Microsoft AD DS domain controllers."
Guidelines for system hardening,Server application hardening,"Microsoft Active Directory Domain Services domain controllers",ism-1829,1,Sep-24,yes,yes,yes,yes,yes,no,no,no,"Passwords are not stored in Group Policy Preferences."
Guidelines for system hardening,Server application hardening,"Microsoft Active Directory Domain Services domain controllers",ism-1930,0,Sep-24,yes,yes,yes,yes,yes,no,no,no,"Passwords are prevented from being stored in Group Policy Preferences."
Guidelines for system hardening,Server application hardening,"Microsoft Active Directory Domain Services domain controllers",ism-1931,0,Sep-24,yes,yes,yes,yes,yes,no,no,no,"SID Filtering is enabled for domain and forest trusts."
Guidelines for system hardening,Server application hardening,"Microsoft Active Directory Domain Services account hardening",ism-1832,0,Mar-23,yes,yes,yes,yes,yes,no,no,no,"Only service accounts and computer accounts are configured with Service Principal Names (SPNs)."
Guidelines for system hardening,Server application hardening,"Microsoft Active Directory Domain Services account hardening",ism-1932,0,Sep-24,yes,yes,yes,yes,yes,no,no,no,"The number of service accounts configured with an SPN is minimised."
Guidelines for system hardening,Server application hardening,"Microsoft Active Directory Domain Services account hardening",ism-1933,0,Sep-24,yes,yes,yes,yes,yes,no,no,no,"Service accounts configured with an SPN do not have DCSync permissions."
Guidelines for system hardening,Server application hardening,"Microsoft Active Directory Domain Services account hardening",ism-2010,0,Mar-25,yes,yes,yes,yes,yes,no,no,no,"Service accounts configured with an SPN use the Advanced Encryption Standard for encryption."
Guidelines for system hardening,Server application hardening,"Microsoft Active Directory Domain Services account hardening",ism-1834,0,Mar-23,yes,yes,yes,yes,yes,no,no,no,"Duplicate SPNs do not exist within the domain."
Guidelines for system hardening,Server application hardening,"Microsoft Active Directory Domain Services account hardening",ism-1833,1,Sep-24,yes,yes,yes,yes,yes,no,no,no,"User accounts are provisioned with the minimum privileges required."
Guidelines for system hardening,Server application hardening,"Microsoft Active Directory Domain Services account hardening",ism-1934,0,Sep-24,yes,yes,yes,yes,yes,no,no,no,"User accounts with DCSync permissions are reviewed at least annually, and those without an ongoing requirement for the permissions have them removed."
Guidelines for system hardening,Server application hardening,"Microsoft Active Directory Domain Services account hardening",ism-1835,0,Mar-23,yes,yes,yes,yes,yes,no,no,no,"Privileged user accounts are configured as sensitive and cannot be delegated."
Guidelines for system hardening,Server application hardening,"Microsoft Active Directory Domain Services account hardening",ism-1935,0,Sep-24,yes,yes,yes,yes,yes,no,no,no,"Computer accounts are not configured for unconstrained delegation."
Guidelines for system hardening,Server application hardening,"Microsoft Active Directory Domain Services account hardening",ism-1836,0,Mar-23,yes,yes,yes,yes,yes,no,no,no,"User accounts require Kerberos pre-authentication."
Guidelines for system hardening,Server application hardening,"Microsoft Active Directory Domain Services account hardening",ism-1837,0,Mar-23,yes,yes,yes,yes,yes,no,no,no,"User accounts are not configured with password never expires or password not required."
Guidelines for system hardening,Server application hardening,"Microsoft Active Directory Domain Services account hardening",ism-1838,0,Mar-23,yes,yes,yes,yes,yes,no,no,no,"The UserPassword attribute for user accounts is not used."
Guidelines for system hardening,Server application hardening,"Microsoft Active Directory Domain Services account hardening",ism-1936,0,Sep-24,yes,yes,yes,yes,yes,no,no,no,"The sIDHistory attribute for user accounts is not used."
Guidelines for system hardening,Server application hardening,"Microsoft Active Directory Domain Services account hardening",ism-1937,0,Sep-24,yes,yes,yes,yes,yes,no,no,no,"User accounts are checked at least weekly for the presence of the sIDHistory attribute."
Guidelines for system hardening,Server application hardening,"Microsoft Active Directory Domain Services account hardening",ism-1839,0,Mar-23,yes,yes,yes,yes,yes,no,no,no,"Account properties accessible by unprivileged users are not used to store passwords."
Guidelines for system hardening,Server application hardening,"Microsoft Active Directory Domain Services account hardening",ism-1840,0,Mar-23,yes,yes,yes,yes,yes,no,no,no,"User account passwords do not use reversible encryption."
Guidelines for system hardening,Server application hardening,"Microsoft Active Directory Domain Services account hardening",ism-1841,0,Mar-23,yes,yes,yes,yes,yes,no,no,no,"Unprivileged user accounts cannot add machines to the domain."
Guidelines for system hardening,Server application hardening,"Microsoft Active Directory Domain Services account hardening",ism-1842,1,Sep-24,yes,yes,yes,yes,yes,no,no,no,"Dedicated privileged service accounts are used to add machines to the domain."
Guidelines for system hardening,Server application hardening,"Microsoft Active Directory Domain Services account hardening",ism-1843,1,Sep-24,yes,yes,yes,yes,yes,no,no,no,"User accounts with unconstrained delegation are reviewed at least annually, and those without an SPN or demonstrated business requirement are removed."
Guidelines for system hardening,Server application hardening,"Microsoft Active Directory Domain Services account hardening",ism-1844,0,Mar-23,yes,yes,yes,yes,yes,no,no,no,"Computer accounts that are not Microsoft AD DS domain controllers are not trusted for delegation to services."
Guidelines for system hardening,Server application hardening,"Microsoft Active Directory Domain Services account hardening",ism-1938,0,Sep-24,yes,yes,yes,yes,yes,no,no,no,"The Domain Computers security group does not have write or modify permissions to any Microsoft Active Directory objects."
Guidelines for system hardening,Server application hardening,"Microsoft Active Directory Domain Services security group memberships",ism-1620,1,Mar-23,yes,yes,yes,yes,yes,no,no,no,"Privileged user accounts are members of the Protected Users security group."
Guidelines for system hardening,Server application hardening,"Microsoft Active Directory Domain Services security group memberships",ism-1939,0,Sep-24,yes,yes,yes,yes,yes,no,no,no,"The number of user accounts that are members of the Domain Admins, Enterprise Admins or other highly-privileged security groups is minimised."
Guidelines for system hardening,Server application hardening,"Microsoft Active Directory Domain Services security group memberships",ism-1940,0,Sep-24,yes,yes,yes,yes,yes,no,no,no,"Service accounts are not members of the Domain Admins, Enterprise Admins or other highly-privileged security groups."
Guidelines for system hardening,Server application hardening,"Microsoft Active Directory Domain Services security group memberships",ism-1941,0,Sep-24,yes,yes,yes,yes,yes,no,no,no,"Computer accounts are not members of the Domain Admins, Enterprise Admins or other highly-privileged security groups."
Guidelines for system hardening,Server application hardening,"Microsoft Active Directory Domain Services security group memberships",ism-1942,0,Sep-24,yes,yes,yes,yes,yes,no,no,no,"The Domain Computers security group is not a member of any privileged or highly-privileged security groups."
Guidelines for system hardening,Server application hardening,"Microsoft Active Directory Domain Services security group memberships",ism-1845,0,Mar-23,yes,yes,yes,yes,yes,no,no,no,"When a user account is disabled, it is removed from all security group memberships."
Guidelines for system hardening,Server application hardening,"Microsoft Active Directory Domain Services security group memberships",ism-1846,0,Mar-23,yes,yes,yes,yes,yes,no,no,no,"The Pre-Windows 2000 Compatible Access security group does not contain user accounts."
Guidelines for system hardening,Server application hardening,"Microsoft Active Directory Certificate Services",ism-1943,0,Sep-24,yes,yes,yes,yes,yes,no,no,no,"Strong mapping between certificates and users is enforced."
Guidelines for system hardening,Server application hardening,"Microsoft Active Directory Certificate Services",ism-1944,0,Sep-24,yes,yes,yes,yes,yes,no,no,no,"The EDITF_ATTRIBUTESUBJECTALTNAME2 flag is removed from Microsoft AD CS CA configurations."
Guidelines for system hardening,Server application hardening,"Microsoft Active Directory Certificate Services",ism-1945,0,Sep-24,yes,yes,yes,yes,yes,no,no,no,"The CT_FLAG_ENROLLEE_SUPPLIES_SUBJECT flag is removed from certificate templates."
Guidelines for system hardening,Server application hardening,"Microsoft Active Directory Certificate Services",ism-1946,0,Sep-24,yes,yes,yes,yes,yes,no,no,no,"Unprivileged user accounts do not have write access to certificate templates."
Guidelines for system hardening,Server application hardening,"Microsoft Active Directory Certificate Services",ism-1947,0,Sep-24,yes,yes,yes,yes,yes,no,no,no,"Extended Key Usages that enable user authentication are removed."
Guidelines for system hardening,Server application hardening,"Microsoft Active Directory Certificate Services",ism-1948,0,Sep-24,yes,yes,yes,yes,yes,no,no,no,"CA Certificate Manager approval is required for certificate templates that allow a Subject Alternative Name to be supplied."
Guidelines for system hardening,Server application hardening,"Microsoft Active Directory Federation Services",ism-1949,0,Sep-24,yes,yes,yes,yes,yes,no,no,no,"Microsoft AD FS servers are administered using a dedicated service account that is not used to administer other systems."
Guidelines for system hardening,Server application hardening,"Microsoft Entra Connect",ism-1950,0,Sep-24,yes,yes,yes,yes,yes,no,no,no,"Soft matching between Microsoft AD DS and Microsoft Entra ID is disabled following initial synchronisation activities."
Guidelines for system hardening,Server application hardening,"Microsoft Entra Connect",ism-1951,0,Sep-24,yes,yes,yes,yes,yes,no,no,no,"Hard match takeover is disabled for Microsoft Entra Connect servers."
Guidelines for system hardening,Server application hardening,"Microsoft Entra Connect",ism-1952,0,Sep-24,yes,yes,yes,yes,yes,no,no,no,"Privileged user accounts are not synchronised between Microsoft AD DS and Microsoft Entra ID."
Guidelines for system hardening,Server application hardening,"Server application event logging",ism-1978,0,Dec-24,yes,yes,yes,yes,yes,no,no,no,"Security-relevant events for server applications on internet-facing servers are centrally logged."
Guidelines for system hardening,Server application hardening,"Server application event logging",ism-1979,0,Dec-24,yes,yes,yes,yes,yes,no,no,no,"Security-relevant events for server applications on non-internet-facing servers are centrally logged."
Guidelines for system hardening,Authentication hardening,"Authenticating to systems",ism-1546,0,Aug-19,yes,yes,yes,yes,yes,no,no,no,"Users are authenticated before they are granted access to a system and its resources."
Guidelines for system hardening,Authentication hardening,"Insecure authentication methods",ism-1603,0,Aug-20,yes,yes,yes,yes,yes,no,no,no,"Authentication methods susceptible to replay attacks are disabled."
Guidelines for system hardening,Authentication hardening,"Insecure authentication methods",ism-1055,4,Oct-20,yes,yes,yes,yes,yes,no,no,no,"LAN Manager and NT LAN Manager authentication methods are disabled."
Guidelines for system hardening,Authentication hardening,"Multi-factor authentication",ism-1504,3,Dec-23,yes,yes,yes,yes,yes,no,no,no,"Multi-factor authentication is used to authenticate users to their organisation’s online services that process, store or communicate their organisation’s sensitive data."
Guidelines for system hardening,Authentication hardening,"Multi-factor authentication",ism-1679,1,Sep-23,yes,yes,yes,yes,yes,no,no,no,"Multi-factor authentication is used to authenticate users to third-party online services that process, store or communicate their organisation’s sensitive data."
Guidelines for system hardening,Authentication hardening,"Multi-factor authentication",ism-1680,1,Sep-23,yes,yes,yes,yes,yes,no,no,no,"Multi-factor authentication (where available) is used to authenticate users to third-party online services that process, store or communicate their organisation’s non-sensitive data."
Guidelines for system hardening,Authentication hardening,"Multi-factor authentication",ism-1892,0,Dec-23,yes,yes,yes,yes,yes,no,no,no,"Multi-factor authentication is used to authenticate users to their organisation’s online customer services that process, store or communicate their organisation’s sensitive customer data."
Guidelines for system hardening,Authentication hardening,"Multi-factor authentication",ism-1893,0,Dec-23,yes,yes,yes,yes,yes,no,no,no,"Multi-factor authentication is used to authenticate users to third-party online customer services that process, store or communicate their organisation’s sensitive customer data."
Guidelines for system hardening,Authentication hardening,"Multi-factor authentication",ism-1681,3,Dec-23,yes,yes,yes,yes,yes,no,no,no,"Multi-factor authentication is used to authenticate customers to online customer services that process, store or communicate sensitive customer data."
Guidelines for system hardening,Authentication hardening,"Multi-factor authentication",ism-1919,0,Jun-24,yes,yes,yes,yes,yes,no,no,no,"When multi-factor authentication is used to authenticate users or customers to online services or online customer services, all other authentication protocols that do not support multi-factor authentication are disabled."
Guidelines for system hardening,Authentication hardening,"Multi-factor authentication",ism-1173,4,Sep-21,yes,yes,yes,yes,yes,no,no,no,"Multi-factor authentication is used to authenticate privileged users of systems."
Guidelines for system hardening,Authentication hardening,"Multi-factor authentication",ism-0974,6,Sep-21,yes,yes,yes,yes,yes,no,no,no,"Multi-factor authentication is used to authenticate unprivileged users of systems."
Guidelines for system hardening,Authentication hardening,"Multi-factor authentication",ism-1505,3,Dec-23,yes,yes,yes,yes,yes,no,no,no,"Multi-factor authentication is used to authenticate users of data repositories."
Guidelines for system hardening,Authentication hardening,"Multi-factor authentication",ism-1401,5,Sep-21,yes,yes,yes,yes,yes,no,no,no,"Multi-factor authentication uses either: something users have and something users know, or something users have that is unlocked by something users know or are."
Guidelines for system hardening,Authentication hardening,"Multi-factor authentication",ism-1872,1,Dec-23,yes,yes,yes,yes,yes,no,no,no,"Multi-factor authentication used for authenticating users of online services is phishing-resistant."
Guidelines for system hardening,Authentication hardening,"Multi-factor authentication",ism-1873,1,Dec-23,yes,yes,yes,yes,yes,no,no,no,"Multi-factor authentication used for authenticating customers of online customer services provides a phishing-resistant option."
Guidelines for system hardening,Authentication hardening,"Multi-factor authentication",ism-1874,1,Dec-23,yes,yes,yes,yes,yes,no,no,no,"Multi-factor authentication used for authenticating customers of online customer services is phishing-resistant."
Guidelines for system hardening,Authentication hardening,"Multi-factor authentication",ism-1682,3,Dec-23,yes,yes,yes,yes,yes,no,no,no,"Multi-factor authentication used for authenticating users of systems is phishing-resistant."
Guidelines for system hardening,Authentication hardening,"Multi-factor authentication",ism-1894,0,Dec-23,yes,yes,yes,yes,yes,no,no,no,"Multi-factor authentication used for authenticating users of data repositories is phishing-resistant."
Guidelines for system hardening,Authentication hardening,"Multi-factor authentication",ism-1559,3,Dec-24,yes,yes,yes,no,no,no,no,no,"Memorised secrets used for multi-factor authentication on non-classified, OFFICIAL: Sensitive and PROTECTED systems are a minimum of 6 characters."
Guidelines for system hardening,Authentication hardening,"Multi-factor authentication",ism-1560,2,Mar-22,no,no,no,yes,no,no,no,no,"Memorised secrets used for multi-factor authentication on SECRET systems are a minimum of 8 characters."
Guidelines for system hardening,Authentication hardening,"Multi-factor authentication",ism-1561,2,Mar-22,no,no,no,no,yes,no,no,no,"Memorised secrets used for multi-factor authentication on TOP SECRET systems are a minimum of 10 characters."
Guidelines for system hardening,Authentication hardening,"Multi-factor authentication",ism-2011,0,Mar-25,yes,yes,yes,yes,yes,no,no,no,"When phishing-resistant multi-factor authentication is used by user accounts, other non-phishing-resistant multi-factor authentication options are disabled for such user accounts."
Guidelines for system hardening,Authentication hardening,"Multi-factor authentication",ism-1920,0,Jun-24,yes,yes,yes,yes,yes,no,no,no,"When multi-factor authentication is used to authenticate users to online services, online customer services, systems or data repositories – that process, store or communicate their organisation’s sensitive data or sensitive customer data – users are prevented from self-enrolling into multi-factor authentication from untrustworthy devices."
Guidelines for system hardening,Authentication hardening,"Multi-factor authentication",ism-1683,2,Dec-23,yes,yes,yes,yes,yes,no,no,no,"Successful and unsuccessful multi-factor authentication events are centrally logged."
Guidelines for system hardening,Authentication hardening,"Single-factor authentication",ism-0417,5,Oct-19,yes,yes,yes,yes,yes,no,no,no,"When systems cannot support multi-factor authentication, single-factor authentication using passphrases is implemented instead."
Guidelines for system hardening,Authentication hardening,"Single-factor authentication",ism-0421,10,Dec-24,yes,yes,yes,no,no,no,no,no,"Passphrases used for single-factor authentication on non-classified, OFFICIAL: Sensitive and PROTECTED systems are at least 4 random words with a total minimum length of 15 characters."
Guidelines for system hardening,Authentication hardening,"Single-factor authentication",ism-1557,2,Dec-21,no,no,no,yes,no,no,no,no,"Passphrases used for single-factor authentication on SECRET systems are at least 5 random words with a total minimum length of 17 characters."
Guidelines for system hardening,Authentication hardening,"Single-factor authentication",ism-0422,8,Dec-21,no,no,no,no,yes,no,no,no,"Passphrases used for single-factor authentication on TOP SECRET systems are at least 6 random words with a total minimum length of 20 characters."
Guidelines for system hardening,Authentication hardening,"Single-factor authentication",ism-1558,2,Mar-22,yes,yes,yes,yes,yes,no,no,no,"Passphrases used for single-factor authentication are not a list of categorised words; do not form a real sentence in a natural language; and are not constructed from song lyrics, movies, literature or any other publicly available material."
Guidelines for system hardening,Authentication hardening,"Single-factor authentication",ism-1895,0,Dec-23,yes,yes,yes,yes,yes,no,no,no,"Successful and unsuccessful single-factor authentication events are centrally logged."
Guidelines for system hardening,Authentication hardening,"Setting credentials for user accounts",ism-1593,1,Mar-22,yes,yes,yes,yes,yes,no,no,no,"Users provide sufficient evidence to verify their identity when requesting new credentials."
Guidelines for system hardening,Authentication hardening,"Setting credentials for user accounts",ism-1227,5,Mar-22,yes,yes,yes,yes,yes,no,no,no,"Credentials set for user accounts are randomly generated."
Guidelines for system hardening,Authentication hardening,"Setting credentials for user accounts",ism-1594,1,Mar-22,yes,yes,yes,yes,yes,no,no,no,"Credentials are provided to users via a secure communications channel or, if not possible, split into two parts with one part provided to users and the other part provided to supervisors."
Guidelines for system hardening,Authentication hardening,"Setting credentials for user accounts",ism-1595,1,Mar-22,yes,yes,yes,yes,yes,no,no,no,"Credentials provided to users are changed on first use."
Guidelines for system hardening,Authentication hardening,"Setting credentials for user accounts",ism-1596,2,Dec-22,yes,yes,yes,yes,yes,no,no,no,"Credentials, in the form of memorised secrets, are not reused by users across different systems."
Guidelines for system hardening,Authentication hardening,"Setting credentials for built-in Administrator accounts, break glass accounts, local administrator accounts and service accounts",ism-1953,0,Sep-24,yes,yes,yes,yes,yes,no,no,no,"Credentials for the built-in Administrator account in each domain are long, unique, unpredictable and managed."
Guidelines for system hardening,Authentication hardening,"Setting credentials for built-in Administrator accounts, break glass accounts, local administrator accounts and service accounts",ism-1685,2,Jun-23,yes,yes,yes,yes,yes,no,no,no,"Credentials for break glass accounts, local administrator accounts and service accounts are long, unique, unpredictable and managed."
Guidelines for system hardening,Authentication hardening,"Setting credentials for built-in Administrator accounts, break glass accounts, local administrator accounts and service accounts",ism-1795,2,Sep-24,yes,yes,yes,yes,yes,no,no,no,"Credentials for built-in Administrator accounts, break glass accounts, local administrator accounts and service accounts are a minimum of 30 characters."
Guidelines for system hardening,Authentication hardening,"Setting credentials for built-in Administrator accounts, break glass accounts, local administrator accounts and service accounts",ism-1954,0,Sep-24,yes,yes,yes,yes,yes,no,no,no,"Credentials for built-in Administrator accounts, break glass accounts, local administrator accounts and service accounts are randomly generated."
Guidelines for system hardening,Authentication hardening,"Setting credentials for built-in Administrator accounts, break glass accounts, local administrator accounts and service accounts",ism-1619,0,Oct-20,yes,yes,yes,yes,yes,no,no,no,"Service accounts are created as group Managed Service Accounts."
Guidelines for system hardening,Authentication hardening,"Changing credentials",ism-1590,3,Sep-24,yes,yes,yes,yes,yes,no,no,no,"Credentials for user accounts are changed if:

- they are compromised
- they are suspected of being compromised
- they are discovered stored on networks in the clear
- they are discovered being transferred across networks in the clear
- membership of a shared user account changes
- they have not been changed in the past 12 months."
Guidelines for system hardening,Authentication hardening,"Changing credentials",ism-1955,0,Sep-24,yes,yes,yes,yes,yes,no,no,no,"Credentials for computer accounts are changed if:

- they are compromised
- they are suspected of being compromised
- they have not been changed in the past 30 days."
Guidelines for system hardening,Authentication hardening,"Changing credentials",ism-1847,0,Mar-23,yes,yes,yes,yes,yes,no,no,no,"Credentials for the Kerberos Key Distribution Center’s service account (KRBTGT) are changed twice, allowing for replication to all Microsoft AD DS domain controllers in-between each change, if:

- the domain has been directly compromised
- the domain is suspected of being compromised
- they have not been changed in the past 12 months."
Guidelines for system hardening,Authentication hardening,"Changing credentials",ism-1956,0,Sep-24,yes,yes,yes,yes,yes,no,no,no,"Microsoft AD FS token-signing and encryption certificates are changed twice in quick succession if:

- they are compromised
- they are suspected of being compromised
- they have not been changed in the past 12 months."
Guidelines for system hardening,Authentication hardening,"Protecting credentials",ism-1597,0,Aug-20,yes,yes,yes,yes,yes,no,no,no,"Credentials are obscured as they are entered into systems."
Guidelines for system hardening,Authentication hardening,"Protecting credentials",ism-1980,0,Dec-24,yes,yes,yes,yes,yes,no,no,no,"Credential hint functionality is not used for systems."
Guidelines for system hardening,Authentication hardening,"Protecting credentials",ism-0418,7,Dec-24,yes,yes,yes,yes,yes,no,no,no,"Physical credentials are kept separate from systems they are used to authenticate to, except for when performing authentication activities."
Guidelines for system hardening,Authentication hardening,"Protecting credentials",ism-1402,6,Mar-22,yes,yes,yes,yes,yes,no,no,no,"Credentials stored on systems are protected by a password manager; a hardware security module; or by salting, hashing and stretching them before storage within a database."
Guidelines for system hardening,Authentication hardening,"Protecting credentials",ism-1957,0,Sep-24,yes,yes,yes,yes,yes,no,no,no,"Private keys for Microsoft AD CS CA servers are protected by a hardware security module."
Guidelines for system hardening,Authentication hardening,"Protecting credentials",ism-1896,0,Dec-23,yes,yes,yes,yes,yes,no,no,no,"Memory integrity functionality is enabled."
Guidelines for system hardening,Authentication hardening,"Protecting credentials",ism-1861,2,Dec-23,yes,yes,yes,yes,yes,no,no,no,"Local Security Authority protection functionality is enabled."
Guidelines for system hardening,Authentication hardening,"Protecting credentials",ism-1686,1,Dec-23,yes,yes,yes,yes,yes,no,no,no,"Credential Guard functionality is enabled."
Guidelines for system hardening,Authentication hardening,"Protecting credentials",ism-1897,0,Dec-23,yes,yes,yes,yes,yes,no,no,no,"Remote Credential Guard functionality is enabled."
Guidelines for system hardening,Authentication hardening,"Protecting credentials",ism-1749,0,Mar-22,yes,yes,yes,yes,yes,no,no,no,"Cached credentials are limited to one previous logon."
Guidelines for system hardening,Authentication hardening,"Protecting credentials",ism-1875,0,Sep-23,yes,yes,yes,yes,yes,no,no,no,"Networks are scanned at least monthly to identify any credentials that are being stored in the clear."
Guidelines for system hardening,Authentication hardening,"User account lockouts",ism-1403,4,Dec-24,yes,yes,yes,yes,yes,no,no,no,"User accounts, except for break glass accounts, are locked out after a maximum of five failed logon attempts."
Guidelines for system hardening,Authentication hardening,"Session termination",ism-0853,3,Sep-22,yes,yes,yes,yes,yes,no,no,no,"On a daily basis, outside of business hours and after an appropriate period of inactivity, user sessions are terminated and workstations are restarted."
Guidelines for system hardening,Authentication hardening,"Session locking",ism-0428,10,Mar-25,yes,yes,yes,yes,yes,no,no,no,"Services are configured with a session lock that:

- activates after a maximum of 15 minutes of user inactivity, a maximum of 12 hours of overall session time or when manually activated by users
- blocks access to all session content
- requires users to re-authenticate using all authentication factors to unlock the session
- denies users the ability to disable the session locking mechanism."
Guidelines for system hardening,Authentication hardening,"Screen locking",ism-2012,0,Mar-25,yes,yes,yes,yes,yes,no,no,no,"Systems are configured with a screen lock that:

- activates after a maximum of 15 minutes of user inactivity, or when manually activated by users
- conceals all content on the screen
- ensures that the screen does not enter a power saving state before the screen lock is activated
- requires users to re-authenticate using all authentication factors to unlock the system
- denies users the ability to disable the screen locking mechanism."
Guidelines for system hardening,Authentication hardening,"Logon banner",ism-0408,5,Sep-23,yes,yes,yes,yes,yes,no,no,no,"Systems have a logon banner that reminds users of their security responsibilities when accessing the system and its resources."
Guidelines for system hardening,Virtualisation hardening,"Functional separation between computing environments",ism-1460,5,Mar-25,yes,yes,yes,yes,yes,no,no,no,"When using a software-based isolation mechanism to share a physical server’s hardware, the isolation mechanism is from a vendor that has demonstrated a commitment to Secure by Design and Secure by Default principles and practices, including secure programming practices and either memory-safe programming languages or less preferably memory-safe programming practices."
Guidelines for system hardening,Virtualisation hardening,"Functional separation between computing environments",ism-1604,0,Aug-20,yes,yes,yes,yes,yes,no,no,no,"When using a software-based isolation mechanism to share a physical server’s hardware, the configuration of the isolation mechanism is hardened by removing unneeded functionality and restricting access to the administrative interface used to manage the isolation mechanism."
Guidelines for system hardening,Virtualisation hardening,"Functional separation between computing environments",ism-1605,1,Mar-22,yes,yes,yes,yes,yes,no,no,no,"When using a software-based isolation mechanism to share a physical server’s hardware, the underlying operating system is hardened."
Guidelines for system hardening,Virtualisation hardening,"Functional separation between computing environments",ism-1606,2,Sep-23,yes,yes,yes,yes,yes,no,no,no,"When using a software-based isolation mechanism to share a physical server’s hardware, patches, updates or vendor mitigations for vulnerabilities are applied to the isolation mechanism and underlying operating system in a timely manner."
Guidelines for system hardening,Virtualisation hardening,"Functional separation between computing environments",ism-1848,0,Mar-23,yes,yes,yes,yes,yes,no,no,no,"When using a software-based isolation mechanism to share a physical server’s hardware, the isolation mechanism or underlying operating system is replaced when it is no longer supported by a vendor."
Guidelines for system hardening,Virtualisation hardening,"Functional separation between computing environments",ism-1607,1,Dec-24,yes,yes,yes,yes,yes,no,no,no,"When using a software-based isolation mechanism to share a physical server’s hardware, integrity monitoring and centralised event logging is performed for the isolation mechanism and underlying operating system."
Guidelines for system hardening,Virtualisation hardening,"Functional separation between computing environments",ism-1461,5,Mar-22,no,no,no,yes,yes,no,no,no,"When using a software-based isolation mechanism to share a physical server’s hardware for SECRET or TOP SECRET computing environments, the physical server and all computing environments are of the same classification and belong to the same security domain."
Guidelines for system management,System administration,"System administration processes and procedures",ism-0042,6,Dec-22,yes,yes,yes,yes,yes,no,no,no,"System administration processes, and supporting system administration procedures, are developed, implemented and maintained."
Guidelines for system management,System administration,"System administration processes and procedures",ism-1211,6,Mar-25,yes,yes,yes,yes,yes,no,no,no,"System administrators perform system administration activities in accordance with the system’s change and configuration management plan."
Guidelines for system management,System administration,"Separate privileged operating environments",ism-1898,0,Dec-23,yes,yes,yes,yes,yes,no,no,no,"Secure Admin Workstations are used in the performance of administrative activities."
Guidelines for system management,System administration,"Separate privileged operating environments",ism-1380,5,Sep-21,yes,yes,yes,yes,yes,no,no,no,"Privileged users use separate privileged and unprivileged operating environments."
Guidelines for system management,System administration,"Separate privileged operating environments",ism-1687,0,Sep-21,yes,yes,yes,yes,yes,no,no,no,"Privileged operating environments are not virtualised within unprivileged operating environments."
Guidelines for system management,System administration,"Separate privileged operating environments",ism-1688,1,Sep-24,yes,yes,yes,yes,yes,no,no,no,"Unprivileged user accounts cannot logon to privileged operating environments."
Guidelines for system management,System administration,"Separate privileged operating environments",ism-1689,1,Sep-24,yes,yes,yes,yes,yes,no,no,no,"Privileged user accounts (excluding local administrator accounts) cannot logon to unprivileged operating environments."
Guidelines for system management,System administration,"Separate privileged operating environments",ism-1958,0,Sep-24,yes,yes,yes,yes,yes,no,no,no,"User accounts with DCSync permissions cannot logon to unprivileged operating environments."
Guidelines for system management,System administration,"Administrative infrastructure",ism-1385,4,Jun-23,yes,yes,yes,yes,yes,no,no,no,"Administrative infrastructure is segregated from the wider network and the internet."
Guidelines for system management,System administration,"Administrative infrastructure",ism-1750,0,Mar-22,yes,yes,yes,yes,yes,no,no,no,"Administrative infrastructure for critical servers, high-value servers and regular servers is segregated from each other."
Guidelines for system management,System administration,"Administrative infrastructure",ism-1386,5,Mar-22,yes,yes,yes,yes,yes,no,no,no,"Network management traffic can only originate from administrative infrastructure."
Guidelines for system management,System administration,"Administrative infrastructure",ism-1387,2,Sep-21,yes,yes,yes,yes,yes,no,no,no,"Administrative activities are conducted through jump servers."
Guidelines for system management,System administration,"Administrative infrastructure",ism-1899,0,Dec-23,yes,yes,yes,yes,yes,no,no,no,"Network devices that do not belong to administrative infrastructure cannot initiate connections with administrative infrastructure."
Guidelines for system management,System patching,"Patch management processes and procedures",ism-1143,9,Dec-22,yes,yes,yes,yes,yes,no,no,no,"Patch management processes, and supporting patch management procedures, are developed, implemented and maintained."
Guidelines for system management,System patching,"Patch management processes and procedures",ism-0298,8,Mar-22,yes,yes,yes,yes,yes,no,no,no,"A centralised and managed approach that maintains the integrity of patches or updates, and confirms that they have been applied successfully, is used to patch or update applications, operating systems, drivers and firmware."
Guidelines for system management,System patching,"Software register",ism-1493,6,Dec-24,yes,yes,yes,yes,yes,no,no,no,"Software registers for workstations, servers, network devices and networked IT equipment are developed, implemented, maintained and verified on a regular basis."
Guidelines for system management,System patching,"Software register",ism-1643,0,Jun-21,yes,yes,yes,yes,yes,no,no,no,"Software registers contain versions and patch histories of applications, drivers, operating systems and firmware."
Guidelines for system management,System patching,"Scanning for unmitigated vulnerabilities",ism-1807,0,Dec-22,yes,yes,yes,yes,yes,no,no,no,"An automated method of asset discovery is used at least fortnightly to support the detection of assets for subsequent vulnerability scanning activities."
Guidelines for system management,System patching,"Scanning for unmitigated vulnerabilities",ism-1808,0,Dec-22,yes,yes,yes,yes,yes,no,no,no,"A vulnerability scanner with an up-to-date vulnerability database is used for vulnerability scanning activities."
Guidelines for system management,System patching,"Scanning for unmitigated vulnerabilities",ism-1698,1,Sep-23,yes,yes,yes,yes,yes,no,no,no,"A vulnerability scanner is used at least daily to identify missing patches or updates for vulnerabilities in online services."
Guidelines for system management,System patching,"Scanning for unmitigated vulnerabilities",ism-1699,2,Jun-25,yes,yes,yes,yes,yes,no,no,no,"A vulnerability scanner is used at least weekly to identify missing patches or updates for vulnerabilities in office productivity suites, web browsers and their extensions, email clients, PDF applications, and security products."
Guidelines for system management,System patching,"Scanning for unmitigated vulnerabilities",ism-1700,3,Jun-25,yes,yes,yes,yes,yes,no,no,no,"A vulnerability scanner is used at least fortnightly to identify missing patches or updates for vulnerabilities in applications other than office productivity suites, web browsers and their extensions, email clients, PDF applications, and security products."
Guidelines for system management,System patching,"Scanning for unmitigated vulnerabilities",ism-1701,1,Sep-23,yes,yes,yes,yes,yes,no,no,no,"A vulnerability scanner is used at least daily to identify missing patches or updates for vulnerabilities in operating systems of internet-facing servers and internet-facing network devices."
Guidelines for system management,System patching,"Scanning for unmitigated vulnerabilities",ism-1702,2,Dec-23,yes,yes,yes,yes,yes,no,no,no,"A vulnerability scanner is used at least fortnightly to identify missing patches or updates for vulnerabilities in operating systems of workstations, non-internet-facing servers and non-internet-facing network devices."
Guidelines for system management,System patching,"Scanning for unmitigated vulnerabilities",ism-1752,4,Jun-24,yes,yes,yes,yes,yes,no,no,no,"A vulnerability scanner is used at least fortnightly to identify missing patches or updates for vulnerabilities in operating systems of IT equipment other than workstations, servers and network devices."
Guidelines for system management,System patching,"Scanning for unmitigated vulnerabilities",ism-1703,2,Dec-23,yes,yes,yes,yes,yes,no,no,no,"A vulnerability scanner is used at least fortnightly to identify missing patches or updates for vulnerabilities in drivers."
Guidelines for system management,System patching,"Scanning for unmitigated vulnerabilities",ism-1900,0,Dec-23,yes,yes,yes,yes,yes,no,no,no,"A vulnerability scanner is used at least fortnightly to identify missing patches or updates for vulnerabilities in firmware."
Guidelines for system management,System patching,"Scanning for unmitigated vulnerabilities",ism-1921,0,Jun-24,yes,yes,yes,yes,yes,no,no,no,"The likelihood of system compromise is frequently assessed when working exploits exist for unmitigated vulnerabilities."
Guidelines for system management,System patching,"Mitigating known vulnerabilities",ism-1876,0,Sep-23,yes,yes,yes,yes,yes,no,no,no,"Patches, updates or other vendor mitigations for vulnerabilities in online services are applied within 48 hours of release when vulnerabilities are assessed as critical by vendors or when working exploits exist."
Guidelines for system management,System patching,"Mitigating known vulnerabilities",ism-1690,2,Dec-23,yes,yes,yes,yes,yes,no,no,no,"Patches, updates or other vendor mitigations for vulnerabilities in online services are applied within two weeks of release when vulnerabilities are assessed as non-critical by vendors and no working exploits exist."
Guidelines for system management,System patching,"Mitigating known vulnerabilities",ism-1691,2,Jun-25,yes,yes,yes,yes,yes,no,no,no,"Patches, updates or other vendor mitigations for vulnerabilities in office productivity suites, web browsers and their extensions, email clients, PDF applications, and security products are applied within two weeks of release."
Guidelines for system management,System patching,"Mitigating known vulnerabilities",ism-1692,2,Jun-25,yes,yes,yes,yes,yes,no,no,no,"Patches, updates or other vendor mitigations for vulnerabilities in office productivity suites, web browsers and their extensions, email clients, PDF applications, and security products are applied within 48 hours of release when vulnerabilities are assessed as critical by vendors or when working exploits exist."
Guidelines for system management,System patching,"Mitigating known vulnerabilities",ism-1901,1,Jun-25,yes,yes,yes,yes,yes,no,no,no,"Patches, updates or other vendor mitigations for vulnerabilities in office productivity suites, web browsers and their extensions, email clients, PDF applications, and security products are applied within two weeks of release when vulnerabilities are assessed as non-critical by vendors and no working exploits exist."
Guidelines for system management,System patching,"Mitigating known vulnerabilities",ism-1693,3,Jun-25,yes,yes,yes,yes,yes,no,no,no,"Patches, updates or other vendor mitigations for vulnerabilities in applications other than office productivity suites, web browsers and their extensions, email clients, PDF applications, and security products are applied within one month of release."
Guidelines for system management,System patching,"Mitigating known vulnerabilities",ism-1877,0,Sep-23,yes,yes,yes,yes,yes,no,no,no,"Patches, updates or other vendor mitigations for vulnerabilities in operating systems of internet-facing servers and internet-facing network devices are applied within 48 hours of release when vulnerabilities are assessed as critical by vendors or when working exploits exist."
Guidelines for system management,System patching,"Mitigating known vulnerabilities",ism-1694,2,Dec-23,yes,yes,yes,yes,yes,no,no,no,"Patches, updates or other vendor mitigations for vulnerabilities in operating systems of internet-facing servers and internet-facing network devices are applied within two weeks of release when vulnerabilities are assessed as non-critical by vendors and no working exploits exist."
Guidelines for system management,System patching,"Mitigating known vulnerabilities",ism-1695,2,Dec-23,yes,yes,yes,yes,yes,no,no,no,"Patches, updates or other vendor mitigations for vulnerabilities in operating systems of workstations, non-internet-facing servers and non-internet-facing network devices are applied within one month of release."
Guidelines for system management,System patching,"Mitigating known vulnerabilities",ism-1696,1,Sep-23,yes,yes,yes,yes,yes,no,no,no,"Patches, updates or other vendor mitigations for vulnerabilities in operating systems of workstations, non-internet-facing servers and non-internet-facing network devices are applied within 48 hours of release when vulnerabilities are assessed as critical by vendors or when working exploits exist."
Guidelines for system management,System patching,"Mitigating known vulnerabilities",ism-1902,0,Dec-23,yes,yes,yes,yes,yes,no,no,no,"Patches, updates or other vendor mitigations for vulnerabilities in operating systems of workstations, non-internet-facing servers and non-internet-facing network devices are applied within one month of release when vulnerabilities are assessed as non-critical by vendors and no working exploits exist."
Guidelines for system management,System patching,"Mitigating known vulnerabilities",ism-1878,1,Jun-24,yes,yes,yes,yes,yes,no,no,no,"Patches, updates or other vendor mitigations for vulnerabilities in operating systems of IT equipment other than workstations, servers and network devices are applied within 48 hours of release when vulnerabilities are assessed as critical by vendors or when working exploits exist."
Guidelines for system management,System patching,"Mitigating known vulnerabilities",ism-1751,4,Jun-24,yes,yes,yes,yes,yes,no,no,no,"Patches, updates or other vendor mitigations for vulnerabilities in operating systems of IT equipment other than workstations, servers and network devices are applied within one month of release when vulnerabilities are assessed as non-critical by vendors and no working exploits exist."
Guidelines for system management,System patching,"Mitigating known vulnerabilities",ism-1879,1,Dec-23,yes,yes,yes,yes,yes,no,no,no,"Patches, updates or other vendor mitigations for vulnerabilities in drivers are applied within 48 hours of release when vulnerabilities are assessed as critical by vendors or when working exploits exist."
Guidelines for system management,System patching,"Mitigating known vulnerabilities",ism-1697,2,Dec-23,yes,yes,yes,yes,yes,no,no,no,"Patches, updates or other vendor mitigations for vulnerabilities in drivers are applied within one month of release when vulnerabilities are assessed as non-critical by vendors and no working exploits exist."
Guidelines for system management,System patching,"Mitigating known vulnerabilities",ism-1903,0,Dec-23,yes,yes,yes,yes,yes,no,no,no,"Patches, updates or other vendor mitigations for vulnerabilities in firmware are applied within 48 hours of release when vulnerabilities are assessed as critical by vendors or when working exploits exist."
Guidelines for system management,System patching,"Mitigating known vulnerabilities",ism-1904,0,Dec-23,yes,yes,yes,yes,yes,no,no,no,"Patches, updates or other vendor mitigations for vulnerabilities in firmware are applied within one month of release when vulnerabilities are assessed as non-critical by vendors and no working exploits exist."
Guidelines for system management,System patching,"Mitigating known vulnerabilities",ism-0300,10,Jun-24,no,no,no,yes,yes,no,no,no,"Patches, updates or other vendor mitigations for vulnerabilities in high assurance IT equipment are applied only when approved by ASD, and in doing so, using methods and timeframes prescribed by ASD."
Guidelines for system management,System patching,"Cessation of support",ism-1905,0,Dec-23,yes,yes,yes,yes,yes,no,no,no,"Online services that are no longer supported by vendors are removed."
Guidelines for system management,System patching,"Cessation of support",ism-1704,3,Jun-25,yes,yes,yes,yes,yes,no,no,no,"Office productivity suites, web browsers and their extensions, email clients, PDF applications, Adobe Flash Player, and security products that are no longer supported by vendors are removed."
Guidelines for system management,System patching,"Cessation of support",ism-0304,8,Jun-25,yes,yes,yes,yes,yes,no,no,no,"Applications other than office productivity suites, web browsers and their extensions, email clients, PDF applications, Adobe Flash Player, and security products that are no longer supported by vendors are removed."
Guidelines for system management,System patching,"Cessation of support",ism-1501,1,Sep-21,yes,yes,yes,yes,yes,no,no,no,"Operating systems that are no longer supported by vendors are replaced."
Guidelines for system management,System patching,"Cessation of support",ism-1753,2,Dec-24,yes,yes,yes,yes,yes,no,no,no,"Internet-facing network devices that are no longer supported by vendors are replaced."
Guidelines for system management,System patching,"Cessation of support",ism-1981,0,Dec-24,yes,yes,yes,yes,yes,no,no,no,"Non-internet-facing network devices that are no longer supported by vendors are replaced."
Guidelines for system management,System patching,"Cessation of support",ism-1982,0,Dec-24,yes,yes,yes,yes,yes,no,no,no,"Networked IT equipment that is no longer supported by vendors is replaced."
Guidelines for system management,System patching,"Cessation of support",ism-1809,2,Dec-24,yes,yes,yes,yes,yes,no,no,no,"When applications, operating systems, network devices or networked IT equipment that are no longer supported by vendors cannot be immediately removed or replaced, compensating controls are implemented until such time that they can be removed or replaced."
Guidelines for system management,Data backup and restoration,"Digital preservation policy",ism-1510,2,Dec-22,yes,yes,yes,yes,yes,no,no,no,"A digital preservation policy is developed, implemented and maintained."
Guidelines for system management,Data backup and restoration,"Data backup and restoration processes and procedures",ism-1547,2,Dec-22,yes,yes,yes,yes,yes,no,no,no,"Data backup processes, and supporting data backup procedures, are developed, implemented and maintained."
Guidelines for system management,Data backup and restoration,"Data backup and restoration processes and procedures",ism-1548,2,Dec-22,yes,yes,yes,yes,yes,no,no,no,"Data restoration processes, and supporting data restoration procedures, are developed, implemented and maintained."
Guidelines for system management,Data backup and restoration,"Performing and retaining backups",ism-1511,4,Dec-23,yes,yes,yes,yes,yes,no,no,no,"Backups of data, applications and settings are performed and retained in accordance with business criticality and business continuity requirements."
Guidelines for system management,Data backup and restoration,"Performing and retaining backups",ism-1810,1,Dec-23,yes,yes,yes,yes,yes,no,no,no,"Backups of data, applications and settings are synchronised to enable restoration to a common point in time."
Guidelines for system management,Data backup and restoration,"Performing and retaining backups",ism-1811,1,Dec-23,yes,yes,yes,yes,yes,no,no,no,"Backups of data, applications and settings are retained in a secure and resilient manner."
Guidelines for system management,Data backup and restoration,"Backup access",ism-1812,1,Sep-24,yes,yes,yes,yes,yes,no,no,no,"Unprivileged user accounts cannot access backups belonging to other user accounts."
Guidelines for system management,Data backup and restoration,"Backup access",ism-1813,1,Sep-24,yes,yes,yes,yes,yes,no,no,no,"Unprivileged user accounts cannot access their own backups."
Guidelines for system management,Data backup and restoration,"Backup access",ism-1705,2,Sep-24,yes,yes,yes,yes,yes,no,no,no,"Privileged user accounts (excluding backup administrator accounts) cannot access backups belonging to other user accounts."
Guidelines for system management,Data backup and restoration,"Backup access",ism-1706,2,Sep-24,yes,yes,yes,yes,yes,no,no,no,"Privileged user accounts (excluding backup administrator accounts) cannot access their own backups."
Guidelines for system management,Data backup and restoration,"Backup modification and deletion",ism-1814,1,Sep-24,yes,yes,yes,yes,yes,no,no,no,"Unprivileged user accounts are prevented from modifying and deleting backups."
Guidelines for system management,Data backup and restoration,"Backup modification and deletion",ism-1707,2,Sep-24,yes,yes,yes,yes,yes,no,no,no,"Privileged user accounts (excluding backup administrator accounts) are prevented from modifying and deleting backups."
Guidelines for system management,Data backup and restoration,"Backup modification and deletion",ism-1708,2,Dec-23,yes,yes,yes,yes,yes,no,no,no,"Backup administrator accounts are prevented from modifying and deleting backups during their retention period."
Guidelines for system management,Data backup and restoration,"Testing restoration of backups",ism-1515,4,Dec-23,yes,yes,yes,yes,yes,no,no,no,"Restoration of data, applications and settings from backups to a common point in time is tested as part of disaster recovery exercises."
Guidelines for system monitoring,Event logging and monitoring,"Event logging policy",ism-0580,7,Dec-22,yes,yes,yes,yes,yes,no,no,no,"An event logging policy is developed, implemented and maintained."
Guidelines for system monitoring,Event logging and monitoring,"Centralised event logging facility",ism-1405,4,Dec-24,yes,yes,yes,yes,yes,no,no,no,"A centralised event logging facility is implemented."
Guidelines for system monitoring,Event logging and monitoring,"Centralised event logging facility",ism-1983,0,Dec-24,yes,yes,yes,yes,yes,no,no,no,"Event logs sent to a centralised event logging facility are done so as soon as possible after they occur."
Guidelines for system monitoring,Event logging and monitoring,"Centralised event logging facility",ism-1984,0,Dec-24,yes,yes,yes,yes,yes,no,no,no,"Event logs sent to a centralised event logging facility are encrypted in transit."
Guidelines for system monitoring,Event logging and monitoring,"Centralised event logging facility",ism-1985,0,Dec-24,yes,yes,yes,yes,yes,no,no,no,"Event logs are protected from unauthorised access."
Guidelines for system monitoring,Event logging and monitoring,"Centralised event logging facility",ism-1815,1,Dec-23,yes,yes,yes,yes,yes,no,no,no,"Event logs are protected from unauthorised modification and deletion."
Guidelines for system monitoring,Event logging and monitoring,"Centralised event logging facility",ism-0988,7,Sep-24,yes,yes,yes,yes,yes,no,no,no,"An accurate and consistent time source is used for event logging."
Guidelines for system monitoring,Event logging and monitoring,"Event log details",ism-0585,6,Jun-24,yes,yes,yes,yes,yes,no,no,no,"For each event logged, the date and time of the event, the relevant user or process, the relevant filename, the event description, and the information technology equipment involved are recorded."
Guidelines for system monitoring,Event logging and monitoring,"Event log details",ism-1959,0,Sep-24,yes,yes,yes,yes,yes,no,no,no,"To the extent possible, event logs are captured and stored in a consistent and structured format."
Guidelines for system monitoring,Event logging and monitoring,"Event log monitoring",ism-1986,1,Mar-25,yes,yes,yes,yes,yes,no,no,no,"Event logs from critical servers are analysed in a timely manner to detect cybersecurity events."
Guidelines for system monitoring,Event logging and monitoring,"Event log monitoring",ism-1906,1,Mar-25,yes,yes,yes,yes,yes,no,no,no,"Event logs from internet-facing servers are analysed in a timely manner to detect cybersecurity events."
Guidelines for system monitoring,Event logging and monitoring,"Event log monitoring",ism-1907,1,Mar-25,yes,yes,yes,yes,yes,no,no,no,"Event logs from non-internet-facing servers are analysed in a timely manner to detect cybersecurity events."
Guidelines for system monitoring,Event logging and monitoring,"Event log monitoring",ism-0109,10,Mar-25,yes,yes,yes,yes,yes,no,no,no,"Event logs from workstations are analysed in a timely manner to detect cybersecurity events."
Guidelines for system monitoring,Event logging and monitoring,"Event log monitoring",ism-1987,1,Mar-25,yes,yes,yes,yes,yes,no,no,no,"Event logs from security products are analysed in a timely manner to detect cybersecurity events."
Guidelines for system monitoring,Event logging and monitoring,"Event log monitoring",ism-1960,1,Mar-25,yes,yes,yes,yes,yes,no,no,no,"Event logs from internet-facing network devices are analysed in a timely manner to detect cybersecurity events."
Guidelines for system monitoring,Event logging and monitoring,"Event log monitoring",ism-1961,1,Mar-25,yes,yes,yes,yes,yes,no,no,no,"Event logs from non-internet-facing network devices are analysed in a timely manner to detect cybersecurity events."
Guidelines for system monitoring,Event logging and monitoring,"Event log monitoring",ism-1228,4,Mar-25,yes,yes,yes,yes,yes,no,no,no,"Cybersecurity events are analysed in a timely manner to identify cybersecurity incidents."
Guidelines for system monitoring,Event logging and monitoring,"Event log retention",ism-1988,0,Dec-24,yes,yes,yes,yes,yes,no,no,no,"Event logs are retained in a searchable manner for at least 12 months."
Guidelines for system monitoring,Event logging and monitoring,"Event log retention",ism-1989,0,Dec-24,yes,yes,yes,yes,yes,no,no,no,"Event logs are retained as per minimum retention requirements for various classes of records as set out by the National Archives of Australia’s Administrative Functions Disposal Authority Express (AFDA Express) Version 2 publication."
Guidelines for software development,Software development fundamentals,"Development, testing, staging and production environments",ism-0400,6,Mar-25,yes,yes,yes,yes,yes,no,no,no,"Development, testing, staging and production environments are segregated."
Guidelines for software development,Software development fundamentals,"Development, testing, staging and production environments",ism-1419,1,Sep-18,yes,yes,yes,yes,yes,no,no,no,"Development and modification of software only takes place in development environments."
Guidelines for software development,Software development fundamentals,"Development, testing, staging and production environments",ism-1420,5,Mar-25,yes,yes,yes,yes,yes,no,no,no,"Data from production environments is not used in non-production environments unless the non-production environment is secured to at least the same level as the production environment."
Guidelines for software development,Software development fundamentals,"Authoritative source for software",ism-2023,0,Jun-25,yes,yes,yes,yes,yes,no,no,no,"An authoritative source for software is established and maintained."
Guidelines for software development,Software development fundamentals,"Authoritative source for software",ism-2024,0,Jun-25,yes,yes,yes,yes,yes,no,no,no,"The authoritative source for software is used for all software development activities."
Guidelines for software development,Software development fundamentals,"Authoritative source for software",ism-1422,3,Sep-18,yes,yes,yes,yes,yes,no,no,no,"Unauthorised access to the authoritative source for software is prevented."
Guidelines for software development,Software development fundamentals,"Authoritative source for software",ism-1816,0,Dec-22,yes,yes,yes,yes,yes,no,no,no,"Unauthorised modification of the authoritative source for software is prevented."
Guidelines for software development,Software development fundamentals,"Issue tracking",ism-2025,0,Jun-25,yes,yes,yes,yes,yes,no,no,no,"An issue tracking solution is used to link software development tasks to security issues and decisions, change or feature requests, programming issues, or bug fixes."
Guidelines for software development,Software development fundamentals,"Software artefacts",ism-2026,0,Jun-25,yes,yes,yes,yes,yes,no,no,no,"All software artefacts are scanned for malicious code before being imported into the authoritative source for software, including all compiled code, third-party libraries and software components."
Guidelines for software development,Software development fundamentals,"Software artefacts",ism-2027,0,Jun-25,yes,yes,yes,yes,yes,no,no,no,"All software artefacts are verified by a digital signature, or a secure hash provided over a secure channel, before being imported into the authoritative source for software."
Guidelines for software development,Software development fundamentals,"Software artefacts",ism-2028,0,Jun-25,yes,yes,yes,yes,yes,no,no,no,"All imported or referenced third-party software artefacts are tested using static application security testing (SAST), dynamic application security testing (DAST) and software composition analysis (SCA) before being imported into the authoritative source for software and periodically throughout the software development life cycle."
Guidelines for software development,Software development fundamentals,"Software artefacts",ism-2029,1,Sep-25,yes,yes,yes,yes,yes,no,no,no,"The authoritative source for software restricts the use and import of third-party libraries and software components to trustworthy sources."
Guidelines for software development,Software development fundamentals,"Software artefacts",ism-2030,0,Jun-25,yes,yes,yes,yes,yes,no,no,no,"Scanning is used during commits to identify plain text or encoded secrets and keys, which are then blocked from being stored in the authoritative source for software."
Guidelines for software development,Software development fundamentals,"Build solution",ism-2031,0,Jun-25,yes,yes,yes,yes,yes,no,no,no,"Compilers, interpreters and build tools (including pipelines) that provide security features to improve executable file security are implemented and such security features are used."
Guidelines for software development,Software development fundamentals,"Build solution",ism-2032,0,Jun-25,yes,yes,yes,yes,yes,no,no,no,"The build solution ensures that all automated testing is completed without warnings, alerts or errors before building software artefacts."
Guidelines for software development,Software development fundamentals,"Secure software development",ism-2033,0,Jun-25,yes,yes,yes,yes,yes,no,no,no,"All software security requirements are documented, stored securely and maintained throughout the software development life cycle."
Guidelines for software development,Software development fundamentals,"Secure software development",ism-2034,0,Jun-25,yes,yes,yes,yes,yes,no,no,no,"Security design decisions are documented and reviewed throughout the software development cycle."
Guidelines for software development,Software development fundamentals,"Secure software development",ism-2035,0,Jun-25,yes,yes,yes,yes,yes,no,no,no,"Security roles, responsibilities and knowledge requirements required to support the software development life cycle are identified and documented."
Guidelines for software development,Software development fundamentals,"Secure software development",ism-2036,0,Jun-25,yes,yes,yes,yes,yes,no,no,no,"Security responsibilities for software developers are identified and documented."
Guidelines for software development,Software development fundamentals,"Secure software development",ism-2037,0,Jun-25,yes,yes,yes,yes,yes,no,no,no,"Software developers that lack sufficient cybersecurity knowledge and skills required for their projects or tasks undertake suitable training on secure software development and programming practices."
Guidelines for software development,Software development fundamentals,"Secure software development",ism-2038,0,Jun-25,yes,yes,yes,yes,yes,no,no,no,"A software developer cybersecurity knowledge and skills register is implemented and maintained."
Guidelines for software development,Software development fundamentals,"Secure software development",ism-0401,8,Jun-25,yes,yes,yes,yes,yes,no,no,no,"Secure by Design principles and practices are followed throughout the software development life cycle."
Guidelines for software development,Software development fundamentals,"Secure software development",ism-1238,6,Jun-25,yes,yes,yes,yes,yes,no,no,no,"Threat modelling is used in support of the software development life cycle."
Guidelines for software development,Software development fundamentals,"Secure software development",ism-2039,0,Jun-25,yes,yes,yes,yes,yes,no,no,no,"The software threat model is reviewed throughout the software development life cycle to ensure it reflects the as-built software and any changes to the threat environment."
Guidelines for software development,Software development fundamentals,"Secure software development",ism-2040,0,Jun-25,yes,yes,yes,yes,yes,no,no,no,"Secure programming practices for the chosen programming language are used for software development."
Guidelines for software development,Software development fundamentals,"Secure software development",ism-2041,0,Jun-25,yes,yes,yes,yes,yes,no,no,no,"Memory-safe programming languages, or less preferably memory-safe programming practices, are used for software development."
Guidelines for software development,Software development fundamentals,"Secure software development",ism-2042,0,Jun-25,yes,yes,yes,yes,yes,no,no,no,"Secure by Default principles and practices are followed throughout the software development life cycle, including by ensuring that all built-in security measures are included and enabled in the base product at no extra cost to consumers."
Guidelines for software development,Software development fundamentals,"Secure software development",ism-1780,1,Mar-25,yes,yes,yes,yes,yes,no,no,no,"SecDevOps practices are used for software development."
Guidelines for software development,Software development fundamentals,"Secure software development",ism-2043,0,Jun-25,yes,yes,yes,yes,yes,no,no,no,"Software is architected and structured to support readability and maintainability."
Guidelines for software development,Software development fundamentals,"Secure software development",ism-1796,1,Mar-25,yes,yes,yes,yes,yes,no,no,no,"Files containing executable content are digitally signed by a certificate with a verifiable chain of trust as part of software development."
Guidelines for software development,Software development fundamentals,"Secure software development",ism-1797,1,Mar-25,yes,yes,yes,yes,yes,no,no,no,"Installers, patches and updates are digitally signed or provided with cryptographic checksums as part of software development."
Guidelines for software development,Software development fundamentals,"Secure software development",ism-2044,0,Jun-25,yes,yes,yes,yes,yes,no,no,no,"Software has no default credentials; however, if credentials are required, they are created on first install by the installing organisation."
Guidelines for software development,Software development fundamentals,"Secure software development",ism-2045,0,Jun-25,yes,yes,yes,yes,yes,no,no,no,"Application backwards compatibility does not compromise any security measures or features."
Guidelines for software development,Software development fundamentals,"Secure software development",ism-2046,0,Jun-25,yes,yes,yes,yes,yes,no,no,no,"Where software allows user impersonation, sensitive data is not logged and appropriate permissions are set."
Guidelines for software development,Software development fundamentals,"Secure software development",ism-2047,0,Jun-25,yes,yes,yes,yes,yes,no,no,no,"Where software allows an authentication factor to be reset, the user is notified of the reset through a secondary channel."
Guidelines for software development,Software development fundamentals,"Secure software development",ism-2048,0,Jun-25,yes,yes,yes,yes,yes,no,no,no,"Where software supports multiple user roles, non-administrative users are prevented from altering their profile permissions or privileges."
Guidelines for software development,Software development fundamentals,"Secure software development",ism-2049,0,Jun-25,yes,yes,yes,yes,yes,no,no,no,"When user permissions or credentials are changed, software forces all impacted users to re-authenticate."
Guidelines for software development,Software development fundamentals,"Secure software development",ism-2050,0,Jun-25,yes,yes,yes,yes,yes,no,no,no,"When digital signatures are processed by software, they are validated against a certificate trust chain and checked for revocation using a Certificate Revocation List or with the Online Certificate Status Protocol."
Guidelines for software development,Software development fundamentals,"Secure software development",ism-2051,0,Jun-25,yes,yes,yes,yes,yes,no,no,no,"Software generates sufficient event logs to support the detection of cybersecurity events."
Guidelines for software development,Software development fundamentals,"Secure software development",ism-2052,0,Jun-25,yes,yes,yes,yes,yes,no,no,no,"Event logs produced by software ensure that any sensitive data is protected."
Guidelines for software development,Software development fundamentals,"Secure software development",ism-1798,2,Jun-25,yes,yes,yes,yes,yes,no,no,no,"Secure configuration guidance, in the form of a hardening guide or loosening guide, is produced and made available to consumers as part of software development."
Guidelines for software development,Software development fundamentals,"Secure software development",ism-2053,0,Jun-25,yes,yes,yes,yes,yes,no,no,no,"End of life procedures for software, covering how to remove the software and how to archive or destroy any user accounts and data, are produced and made available to consumers."
Guidelines for software development,Software development fundamentals,"Software bill of materials",ism-2054,0,Jun-25,yes,yes,yes,yes,yes,no,no,no,"If a software bill of materials is available for imported third-party software components, it is used during software development to ensure such software components have no known vulnerabilities."
Guidelines for software development,Software development fundamentals,"Software bill of materials",ism-1730,0,Dec-21,yes,yes,yes,yes,yes,no,no,no,"A software bill of materials is produced and made available to consumers of software."
Guidelines for software development,Software development fundamentals,"Software build provenance",ism-2055,0,Jun-25,yes,yes,yes,yes,yes,no,no,no,"If a software build provenance is available for imported third-party software components, it is used during software development to ensure such software components are built to an appropriate standard."
Guidelines for software development,Software development fundamentals,"Software build provenance",ism-2056,0,Jun-25,yes,yes,yes,yes,yes,no,no,no,"A software build provenance is produced and made available to consumers of software."
Guidelines for software development,Software development fundamentals,"Network application programming interfaces",ism-1818,2,Mar-25,yes,yes,yes,yes,yes,no,no,no,"Authentication and authorisation of clients is performed when clients call network APIs that facilitate modification of data and are accessible over the internet."
Guidelines for software development,Software development fundamentals,"Network application programming interfaces",ism-2013,0,Mar-25,yes,yes,yes,yes,yes,no,no,no,"Authentication and authorisation of clients is performed when clients call network APIs that facilitate modification of data but are not accessible over the internet."
Guidelines for software development,Software development fundamentals,"Network application programming interfaces",ism-1817,2,Mar-25,yes,yes,yes,yes,yes,no,no,no,"Authentication and authorisation of clients is performed when clients call network APIs that facilitate access to data not authorised for release into the public domain and are accessible over the internet."
Guidelines for software development,Software development fundamentals,"Network application programming interfaces",ism-2014,0,Mar-25,yes,yes,yes,yes,yes,no,no,no,"Authentication and authorisation of clients is performed when clients call network APIs that facilitate access to data not authorised for release into the public domain but are not accessible over the internet."
Guidelines for software development,Software development fundamentals,"Network application programming interfaces",ism-1910,1,Mar-25,yes,yes,yes,yes,yes,no,no,no,"Network API calls that facilitate modification of data, or access to data not authorised for release into the public domain, and are accessible over the internet, are centrally logged."
Guidelines for software development,Software development fundamentals,"Network application programming interfaces",ism-2015,0,Mar-25,yes,yes,yes,yes,yes,no,no,no,"Network API calls that facilitate modification of data, or access to data not authorised for release into the public domain, but are not accessible over the internet, are centrally logged."
Guidelines for software development,Software development fundamentals,"Software input handling",ism-1240,5,Jun-25,yes,yes,yes,yes,yes,no,no,no,"Validation and sanitisation are performed on all input received over the internet by software."
Guidelines for software development,Software development fundamentals,"Software input handling",ism-2016,1,Jun-25,yes,yes,yes,yes,yes,no,no,no,"Validation and sanitisation are performed on all input received over a local network by software."
Guidelines for software development,Software development fundamentals,"Software input handling",ism-2057,0,Jun-25,yes,yes,yes,yes,yes,no,no,no,"All input validation rules are documented, matched in code and tested with both positive and negative unit testing or integration testing."
Guidelines for software development,Software development fundamentals,"Software input handling",ism-2058,0,Jun-25,yes,yes,yes,yes,yes,no,no,no,"Data sources and serialised data inputs are validated before being deserialised."
Guidelines for software development,Software development fundamentals,"Software input handling",ism-2059,0,Jun-25,yes,yes,yes,yes,yes,no,no,no,"File uploads or input are restricted to specific file types, with malicious content scanning occurring prior to file access, file execution or file storage."
Guidelines for software development,Software development fundamentals,"Software interaction with databases",ism-1275,2,Mar-25,yes,yes,yes,yes,yes,no,no,no,"All queries to databases from software are filtered for legitimate content and correct syntax."
Guidelines for software development,Software development fundamentals,"Software interaction with databases",ism-1276,5,Mar-25,yes,yes,yes,yes,yes,no,no,no,"Parameterised queries or stored procedures, instead of dynamically generated queries, are used by software for database interactions."
Guidelines for software development,Software development fundamentals,"Software interaction with databases",ism-1278,5,Mar-25,yes,yes,yes,yes,yes,no,no,no,"Software is designed or configured to provide as little error information as possible about the structure of databases."
Guidelines for software development,Software development fundamentals,"Software interaction with databases",ism-1536,3,Mar-25,yes,yes,yes,yes,yes,no,no,no,"All queries to databases from software that are initiated by users, and any resulting crash or error messages, are centrally logged."
Guidelines for software development,Software development fundamentals,"Software security testing",ism-0402,9,Jun-25,yes,yes,yes,yes,yes,no,no,no,"Software is comprehensively tested for vulnerabilities, using SAST, DAST and SCA prior to its initial release, any subsequent releases and periodically in order to attempt to identify any previously unidentified vulnerabilities."
Guidelines for software development,Software development fundamentals,"Software security testing",ism-2060,0,Jun-25,yes,yes,yes,yes,yes,no,no,no,"Code reviews are utilised to ensure software meets Secure by Design principles and practices as well as secure programming practices."
Guidelines for software development,Software development fundamentals,"Software security testing",ism-2061,0,Jun-25,yes,yes,yes,yes,yes,no,no,no,"Software developer-supported security-focused peer reviews are conducted on all critical and security-focused software components."
Guidelines for software development,Software development fundamentals,"Software security testing",ism-2062,0,Jun-25,yes,yes,yes,yes,yes,no,no,no,"Unit testing and integration testing, covering both positive and negative use cases, are used to ensure code quality and security."
Guidelines for software development,Software development fundamentals,"Vulnerability disclosure program",ism-1616,0,Aug-20,yes,yes,yes,yes,yes,no,no,no,"A vulnerability disclosure program is implemented to assist with the secure development and maintenance of products and services."
Guidelines for software development,Software development fundamentals,"Vulnerability disclosure program",ism-1755,1,Dec-22,yes,yes,yes,yes,yes,no,no,no,"A vulnerability disclosure policy is developed, implemented and maintained."
Guidelines for software development,Software development fundamentals,"Vulnerability disclosure program",ism-1756,1,Dec-22,yes,yes,yes,yes,yes,no,no,no,"Vulnerability disclosure processes, and supporting vulnerability disclosure procedures, are developed, implemented and maintained."
Guidelines for software development,Software development fundamentals,"Vulnerability disclosure program",ism-1717,3,Sep-24,yes,yes,yes,yes,yes,no,no,no,"A ‘security.txt’ file is hosted for each of an organisation’s internet-facing website domains to assist in the responsible disclosure of vulnerabilities in the organisation’s products and services."
Guidelines for software development,Software development fundamentals,"Reporting and resolving vulnerabilities",ism-1908,2,Jun-25,yes,yes,yes,yes,yes,no,no,no,"Vulnerabilities identified in software are publicly disclosed in a responsible and timely manner, including with Common Weakness Enumeration and Common Platform Enumeration information."
Guidelines for software development,Software development fundamentals,"Reporting and resolving vulnerabilities",ism-1754,4,Jun-25,yes,yes,yes,yes,yes,no,no,no,"Vulnerabilities identified in software are resolved in a timely manner."
Guidelines for software development,Software development fundamentals,"Reporting and resolving vulnerabilities",ism-1909,1,Jun-25,yes,yes,yes,yes,yes,no,no,no,"In resolving vulnerabilities, root cause analysis is performed and, to the greatest extent possible, entire vulnerability classes are remediated."
Guidelines for software development,Software development fundamentals,"Software event logging",ism-1911,2,Jun-25,yes,yes,yes,yes,yes,no,no,no,"Security-relevant software crashes and error messages are centrally logged."
Guidelines for software development,Artificial intelligence application development,"Secure artificial intelligence application development",ism-1923,0,Jun-24,yes,yes,yes,yes,yes,no,no,no,"The OWASP Top 10 for Large Language Model Applications are mitigated in the development of large language model applications."
Guidelines for software development,Artificial intelligence application development,"Secure artificial intelligence application development",ism-1924,1,Sep-25,yes,yes,yes,yes,yes,no,no,no,"Generative artificial intelligence applications evaluate user prompts to detect and mitigate adversarial inputs or suffixes designed to illicit unintended behaviour or assist in the generation of sensitive or harmful content."
Guidelines for software development,Artificial intelligence application development,"Secure artificial intelligence application development",ism-2072,0,Sep-25,yes,yes,yes,yes,yes,no,no,no,"Artificial intelligence models are stored in a file format that does not allow arbitrary code execution."
Guidelines for software development,Mobile application development,"Secure mobile application development",ism-1922,0,Jun-24,yes,yes,yes,yes,yes,no,no,no,"The OWASP Mobile Application Security Verification Standard is used in the development of mobile applications."
Guidelines for software development,Web application development,"Secure web application design and development",ism-1239,4,Mar-22,yes,yes,yes,yes,yes,no,no,no,"Robust web application frameworks are used in the development of web applications."
Guidelines for software development,Web application development,"Secure web application design and development",ism-0971,8,Mar-23,yes,yes,yes,yes,yes,no,no,no,"The OWASP Application Security Verification Standard is used in the development of web applications."
Guidelines for software development,Web application development,"Secure web application design and development",ism-1849,0,Mar-23,yes,yes,yes,yes,yes,no,no,no,"The OWASP Top 10 Proactive Controls are used in the development of web applications."
Guidelines for software development,Web application development,"Secure web application design and development",ism-1850,0,Mar-23,yes,yes,yes,yes,yes,no,no,no,"The OWASP Top 10 are mitigated in the development of web applications."
Guidelines for software development,Web application development,"Secure web application design and development",ism-2063,0,Jun-25,yes,yes,yes,yes,yes,no,no,no,"If supported, web application session cookies set the HttpOnly flag, Secure flag and the SameSite flag by default."
Guidelines for software development,Web application development,"Secure web application design and development",ism-2064,0,Jun-25,yes,yes,yes,yes,yes,no,no,no,"Web application session cookies contain only digitally signed opaque bearer tokens."
Guidelines for software development,Web application development,"Secure web application design and development",ism-2065,0,Jun-25,yes,yes,yes,yes,yes,no,no,no,"Web application session cookies using opaque bearer tokens that are not digitally signed use non-sequential random identifiers with a minimum of 128 bits of entropy, preferably 256 bits of entropy."
Guidelines for software development,Web application development,"Secure web application design and development",ism-2066,0,Jun-25,yes,yes,yes,yes,yes,no,no,no,"Web application sessions are centrally managed server side."
Guidelines for software development,Web application development,"Secure web application design and development",ism-2067,0,Jun-25,yes,yes,yes,yes,yes,no,no,no,"Web applications that support Single Sign On equally support Single Logout."
Guidelines for software development,Web application development,"Web security policy response headers",ism-1424,5,Mar-25,yes,yes,yes,yes,yes,no,no,no,"Content-Security-Policy, Hypertext Transfer Protocol Strict Transport Security and X-Frame-Options are specified by web server software via security policy in response headers."
Guidelines for software development,Web application development,"Web application interactions",ism-1552,0,Oct-19,yes,yes,yes,yes,yes,no,no,no,"All web application content is offered exclusively using HTTPS."
Guidelines for software development,Web application development,"Web application programming interfaces",ism-1851,0,Mar-23,yes,yes,yes,yes,yes,no,no,no,"The OWASP API Security Top 10 are mitigated in the development of web APIs."
Guidelines for software development,Web application development,"Web application output encoding",ism-1241,4,Mar-22,yes,yes,yes,yes,yes,no,no,no,"Output encoding is performed on all output produced by web applications."
Guidelines for database systems,Database servers,"Functional separation between database servers and web servers",ism-1269,3,Mar-22,yes,yes,yes,yes,yes,no,no,no,"Database servers and web servers are functionally separated."
Guidelines for database systems,Database servers,"Communications between database servers and web servers",ism-1277,4,Mar-22,yes,yes,yes,yes,yes,no,no,no,"Data communicated between database servers and web servers is encrypted."
Guidelines for database systems,Database servers,"Network environment",ism-1270,3,Mar-22,yes,yes,yes,yes,yes,no,no,no,"Database servers are placed on a different network segment to user workstations."
Guidelines for database systems,Database servers,"Network environment",ism-1271,3,Mar-25,yes,yes,yes,yes,yes,no,no,no,"Network access controls are implemented to restrict database server communications to strictly defined network resources that require access to the database server."
Guidelines for database systems,Database servers,"Network environment",ism-1272,2,Jun-25,yes,yes,yes,yes,yes,no,no,no,"If only local access to a database is required, networking functionality of database management system applications are disabled or directed to listen solely to the localhost interface."
Guidelines for database systems,Database servers,"Segregation of development, testing, staging and production database servers",ism-1273,4,Mar-25,yes,yes,yes,yes,yes,no,no,no,"Database servers for development, testing, staging and production environments are segregated."
Guidelines for database systems,Databases,"Database register",ism-1243,6,Dec-22,yes,yes,yes,yes,yes,no,no,no,"A database register is developed, implemented, maintained and verified on a regular basis."
Guidelines for database systems,Databases,"Protecting databases",ism-1256,3,Sep-18,yes,yes,yes,yes,yes,no,no,no,"File-based access controls are applied to database files."
Guidelines for database systems,Databases,"Protecting database contents",ism-0393,8,Jun-21,yes,yes,yes,yes,yes,no,no,no,"Databases and their contents are classified based on the sensitivity or classification of data that they contain."
Guidelines for database systems,Databases,"Protecting database contents",ism-1255,4,Mar-22,yes,yes,yes,yes,yes,no,no,no,"Database users’ ability to access, insert, modify and remove database contents is restricted based on their work duties."
Guidelines for database systems,Databases,"Protecting database contents",ism-1268,2,Jun-25,yes,yes,yes,yes,yes,no,no,no,"The need-to-know principle is enforced for database contents through the application of minimum privileges, database views, database roles and data tokenisation."
Guidelines for database systems,Databases,"Segregation of development, testing, staging and production databases",ism-1274,7,Mar-25,yes,yes,yes,yes,yes,no,no,no,"Database contents from production environments are not used in non-production environments unless the non-production environment is secured to at least the same level as the production environment."
Guidelines for database systems,Databases,"Database event logging",ism-1537,5,Sep-24,yes,yes,yes,yes,yes,no,no,no,"Security-relevant events for databases are centrally logged, including:

- access or modification of particularly important content
- addition of new users, especially privileged users
- changes to user roles or privileges
- attempts to elevate user privileges
- queries containing comments
- queries containing multiple embedded queries
- database and query alerts or failures
- database structure changes
- database administrator actions
- use of executable commands
- database logons and logoffs."
Guidelines for email,Email usage,"Email usage policy",ism-0264,4,Dec-22,yes,yes,yes,yes,yes,no,no,no,"An email usage policy is developed, implemented and maintained."
Guidelines for email,Email usage,"Webmail services",ism-0267,7,Mar-19,yes,yes,yes,yes,yes,no,no,no,"Access to non-approved webmail services is blocked."
Guidelines for email,Email usage,"Protective markings for emails",ism-0270,6,Jun-21,yes,yes,yes,yes,yes,no,no,no,"Protective markings are applied to emails and reflect the highest sensitivity or classification of the subject, body and attachments."
Guidelines for email,Email usage,"Protective marking tools",ism-0271,3,Mar-19,yes,yes,yes,yes,yes,no,no,no,"Protective marking tools do not automatically insert protective markings into emails."
Guidelines for email,Email usage,"Protective marking tools",ism-0272,4,Mar-19,yes,yes,yes,yes,yes,no,no,no,"Protective marking tools do not allow users to select protective markings that a system has not been authorised to process, store or communicate."
Guidelines for email,Email usage,"Protective marking tools",ism-1089,5,Mar-22,yes,yes,yes,yes,yes,no,no,no,"Protective marking tools do not allow users replying to or forwarding emails to select protective markings lower than previously used."
Guidelines for email,Email usage,"Handling emails with inappropriate, invalid or missing protective markings",ism-0565,4,Mar-19,yes,yes,yes,yes,yes,no,no,no,"Email servers are configured to block, log and report emails with inappropriate protective markings."
Guidelines for email,Email usage,"Handling emails with inappropriate, invalid or missing protective markings",ism-1023,6,Mar-22,yes,yes,yes,yes,yes,no,no,no,"The intended recipients of blocked inbound emails, and the senders of blocked outbound emails, are notified."
Guidelines for email,Email usage,"Email distribution lists",ism-0269,5,Mar-22,no,no,no,yes,yes,no,no,no,"Emails containing Australian Eyes Only, Australian Government Access Only or Releasable To data are not sent to email distribution lists unless the nationality of all members of email distribution lists can be confirmed."
Guidelines for email,Email gateways and servers,"Centralised email gateways",ism-0569,5,Jun-22,yes,yes,yes,yes,yes,no,no,no,"Emails are routed via centralised email gateways."
Guidelines for email,Email gateways and servers,"Centralised email gateways",ism-0571,7,Jun-22,yes,yes,yes,yes,yes,no,no,no,"When users send or receive emails, an authenticated and encrypted channel is used to route emails via their organisation’s centralised email gateways."
Guidelines for email,Email gateways and servers,"Email gateway maintenance activities",ism-0570,4,Sep-18,yes,yes,yes,yes,yes,no,no,no,"Where backup or alternative email gateways are in place, they are maintained at the same standard as the primary email gateway."
Guidelines for email,Email gateways and servers,"Open relay email servers",ism-0567,5,Sep-22,yes,yes,yes,yes,yes,no,no,no,"Email servers only relay emails destined for or originating from their domains (including subdomains)."
Guidelines for email,Email gateways and servers,"Email server transport encryption",ism-0572,4,Sep-21,yes,yes,yes,yes,yes,no,no,no,"Opportunistic TLS encryption is enabled on email servers that make incoming or outgoing email connections over public network infrastructure."
Guidelines for email,Email gateways and servers,"Email server transport encryption",ism-1589,3,Jun-24,yes,yes,yes,yes,yes,no,no,no,"MTA-STS is enabled to prevent the unencrypted transfer of emails between email servers."
Guidelines for email,Email gateways and servers,"Sender Policy Framework",ism-0574,7,Jun-23,yes,yes,yes,yes,yes,no,no,no,"SPF is used to specify authorised email servers (or lack thereof) for an organisation’s domains (including subdomains)."
Guidelines for email,Email gateways and servers,"Sender Policy Framework",ism-1183,3,Jun-23,yes,yes,yes,yes,yes,no,no,no,"A hard fail SPF record is used when specifying authorised email servers (or lack thereof) for an organisation’s domains (including subdomains)."
Guidelines for email,Email gateways and servers,"Sender Policy Framework",ism-1151,3,Oct-19,yes,yes,yes,yes,yes,no,no,no,"SPF is used to verify the authenticity of incoming emails."
Guidelines for email,Email gateways and servers,"DomainKeys Identified Mail",ism-0861,3,Sep-22,yes,yes,yes,yes,yes,no,no,no,"DKIM signing is enabled on emails originating from an organisation’s domains (including subdomains)."
Guidelines for email,Email gateways and servers,"DomainKeys Identified Mail",ism-1026,6,Jun-23,yes,yes,yes,yes,yes,no,no,no,"DKIM signatures on incoming emails are verified."
Guidelines for email,Email gateways and servers,"DomainKeys Identified Mail",ism-1027,5,Jun-25,yes,yes,yes,yes,yes,no,no,no,"Email distribution list applications used by external senders is configured such that it does not break the validity of the sender’s DKIM signature."
Guidelines for email,Email gateways and servers,"Domain-based Message Authentication, Reporting and Conformance",ism-1540,3,Jun-23,yes,yes,yes,yes,yes,no,no,no,"DMARC records are configured for an organisation’s domains (including subdomains) such that emails are rejected if they do not pass DMARC checks."
Guidelines for email,Email gateways and servers,"Domain-based Message Authentication, Reporting and Conformance",ism-1799,0,Sep-22,yes,yes,yes,yes,yes,no,no,no,"Incoming emails are rejected if they do not pass DMARC checks."
Guidelines for email,Email gateways and servers,"Email content filtering",ism-1234,5,Dec-22,yes,yes,yes,yes,yes,no,no,no,"Email content filtering is implemented to filter potentially harmful content in email bodies and attachments."
Guidelines for email,Email gateways and servers,"Blocking suspicious emails",ism-1502,2,Sep-22,yes,yes,yes,yes,yes,no,no,no,"Emails arriving via an external connection where the email source address uses an internal domain, or internal subdomain, are blocked at the email gateway."
Guidelines for email,Email gateways and servers,"Notifications of undeliverable emails",ism-1024,5,Mar-22,yes,yes,yes,yes,yes,no,no,no,"Notifications of undeliverable emails are only sent to senders that can be verified via SPF or other trusted means."
Guidelines for networking,Network design and configuration,"Network documentation",ism-0518,6,Dec-23,yes,yes,yes,yes,yes,no,no,no,"Network documentation is developed, implemented and maintained."
Guidelines for networking,Network design and configuration,"Network documentation",ism-0516,5,Mar-22,yes,yes,yes,yes,yes,no,no,no,"Network documentation includes high-level network diagrams showing all connections into networks and logical network diagrams showing all critical servers, high-value servers, network devices and network security appliances."
Guidelines for networking,Network design and configuration,"Network documentation",ism-1912,0,Dec-23,yes,yes,yes,yes,yes,no,no,no,"Network documentation includes device settings for all critical servers, high-value servers, network devices and network security appliances."
Guidelines for networking,Network design and configuration,"Network documentation",ism-1178,3,Sep-18,yes,yes,yes,yes,yes,no,no,no,"Network documentation provided to a third party, or published in public tender documentation, only contains details necessary for other parties to undertake contractual services."
Guidelines for networking,Network design and configuration,"Network segmentation and segregation",ism-1181,5,Mar-22,yes,yes,yes,yes,yes,no,no,no,"Networks are segregated into multiple network zones according to the criticality of servers, services and data."
Guidelines for networking,Network design and configuration,"Network segmentation and segregation",ism-1577,1,Mar-22,yes,yes,yes,yes,yes,no,no,no,"An organisation’s networks are segregated from their service providers’ networks."
Guidelines for networking,Network design and configuration,"Using Virtual Local Area Networks",ism-1532,3,Mar-22,yes,yes,yes,yes,yes,no,no,no,"VLANs are not used to separate network traffic between an organisation’s networks and public network infrastructure."
Guidelines for networking,Network design and configuration,"Using Virtual Local Area Networks",ism-0529,6,Dec-21,yes,yes,yes,yes,yes,no,no,no,"VLANs are not used to separate network traffic between networks belonging to different security domains."
Guidelines for networking,Network design and configuration,"Using Virtual Local Area Networks",ism-0530,6,Dec-21,yes,yes,yes,yes,yes,no,no,no,"Network devices managing VLANs are administered from the most trusted security domain."
Guidelines for networking,Network design and configuration,"Using Virtual Local Area Networks",ism-0535,6,Dec-21,yes,yes,yes,yes,yes,no,no,no,"Network devices managing VLANs belonging to different security domains do not share VLAN trunks."
Guidelines for networking,Network design and configuration,"Using Virtual Local Area Networks",ism-1364,3,Dec-21,yes,yes,yes,yes,yes,no,no,no,"Network devices managing VLANs terminate VLANs belonging to different security domains on separate physical network interfaces."
Guidelines for networking,Network design and configuration,"Functional separation between networked devices and the internet",ism-2068,0,Jun-25,yes,yes,yes,yes,yes,no,no,no,"Internet connectivity for networked devices is strictly limited to those that require access."
Guidelines for networking,Network design and configuration,"Networked management interfaces",ism-1863,1,Jun-24,yes,yes,yes,yes,yes,no,no,no,"Networked management interfaces for IT equipment are not directly exposed to the internet."
Guidelines for networking,Network design and configuration,"Functional separation between servers",ism-0385,6,Sep-18,yes,yes,yes,yes,yes,no,no,no,"Servers maintain effective functional separation with other servers allowing them to operate independently."
Guidelines for networking,Network design and configuration,"Functional separation between servers",ism-1479,1,Jun-24,yes,yes,yes,yes,yes,no,no,no,"Servers minimise communications with other servers at the network and file system level."
Guidelines for networking,Network design and configuration,"Network encryption",ism-1781,0,Jun-22,yes,yes,yes,yes,yes,no,no,no,"All data communicated over network infrastructure is encrypted."
Guidelines for networking,Network design and configuration,"Using Internet Protocol version 6",ism-0521,6,Mar-22,yes,yes,yes,yes,yes,no,no,no,"IPv6 functionality is disabled in dual-stack network devices unless it is being used."
Guidelines for networking,Network design and configuration,"Using Internet Protocol version 6",ism-1186,4,Mar-22,yes,yes,yes,yes,yes,no,no,no,"IPv6 capable network security appliances are used on IPv6 and dual-stack networks."
Guidelines for networking,Network design and configuration,"Using Internet Protocol version 6",ism-1428,2,Mar-22,yes,yes,yes,yes,yes,no,no,no,"Unless explicitly required, IPv6 tunnelling is disabled on all network devices."
Guidelines for networking,Network design and configuration,"Using Internet Protocol version 6",ism-1429,3,Mar-22,yes,yes,yes,yes,yes,no,no,no,"IPv6 tunnelling is blocked by network security appliances at externally-connected network boundaries."
Guidelines for networking,Network design and configuration,"Using Internet Protocol version 6",ism-1430,3,Mar-22,yes,yes,yes,yes,yes,no,no,no,"Dynamically assigned IPv6 addresses are configured with Dynamic Host Configuration Protocol version 6 in a stateful manner with lease data stored in a centralised event logging facility."
Guidelines for networking,Network design and configuration,"Network access controls",ism-0520,9,Dec-24,yes,yes,yes,yes,yes,no,no,no,"Network access controls are implemented on networks to prevent the connection of unauthorised network devices and networked IT equipment."
Guidelines for networking,Network design and configuration,"Network access controls",ism-1182,5,Sep-23,yes,yes,yes,yes,yes,no,no,no,"Network access controls are implemented to limit the flow of network traffic within and between network segments to only that required for business purposes."
Guidelines for networking,Network design and configuration,"Network management traffic",ism-1006,6,Sep-18,yes,yes,yes,yes,yes,no,no,no,"Security measures are implemented to prevent unauthorised access to network management traffic."
Guidelines for networking,Network design and configuration,"Using the Server Message Block protocol",ism-1962,0,Sep-24,yes,yes,yes,yes,yes,no,no,no,"SMB version 1 is not used on networks."
Guidelines for networking,Network design and configuration,"Using the Simple Network Management Protocol",ism-1311,3,Dec-22,yes,yes,yes,yes,yes,no,no,no,"SNMP version 1 and SNMP version 2 are not used on networks."
Guidelines for networking,Network design and configuration,"Using the Simple Network Management Protocol",ism-1312,3,Mar-22,yes,yes,yes,yes,yes,no,no,no,"All default SNMP community strings on network devices are changed and write access is disabled."
Guidelines for networking,Network design and configuration,"Using Network-based Intrusion Detection and Prevention Systems",ism-1028,8,Mar-22,yes,yes,yes,yes,yes,no,no,no,"A NIDS or NIPS is deployed in gateways between an organisation’s networks and other networks they do not manage."
Guidelines for networking,Network design and configuration,"Using Network-based Intrusion Detection and Prevention Systems",ism-1030,8,Mar-22,yes,yes,yes,yes,yes,no,no,no,"A NIDS or NIPS is located immediately inside the outermost firewall for gateways and configured to generate event logs and alerts for network traffic that contravenes any rule in a firewall ruleset."
Guidelines for networking,Network design and configuration,"Blocking anonymity network traffic",ism-1627,1,Sep-23,yes,yes,yes,yes,yes,no,no,no,"Inbound network connections from anonymity networks are blocked."
Guidelines for networking,Network design and configuration,"Blocking anonymity network traffic",ism-1628,0,Nov-20,yes,yes,yes,yes,yes,no,no,no,"Outbound network connections to anonymity networks are blocked."
Guidelines for networking,Network design and configuration,"Encrypted Domain Name System Services",ism-2017,0,Mar-25,yes,yes,yes,yes,yes,no,no,no,"DNS traffic is encrypted by clients and servers wherever supported."
Guidelines for networking,Network design and configuration,"Protective Domain Name System Services",ism-1782,1,Dec-22,yes,yes,yes,yes,yes,no,no,no,"A protective DNS service is used to block access to known malicious domain names."
Guidelines for networking,Network design and configuration,"Flashing network devices with trusted firmware before first use",ism-1800,0,Sep-22,yes,yes,yes,yes,yes,no,no,no,"Network devices are flashed with trusted firmware before they are used for the first time."
Guidelines for networking,Network design and configuration,"Default user accounts and credentials for network devices",ism-1304,7,Jun-25,yes,yes,yes,yes,yes,no,no,no,"Default user accounts or credentials for network devices, including for any pre-configured user accounts, are changed, disabled or removed during initial setup."
Guidelines for networking,Network design and configuration,"Disabling unused physical ports on network devices",ism-0534,2,Sep-18,yes,yes,yes,yes,yes,no,no,no,"Unused physical ports on network devices are disabled."
Guidelines for networking,Network design and configuration,"Regularly restarting network devices",ism-1801,0,Sep-22,yes,yes,yes,yes,yes,no,no,no,"Network devices are restarted on at least a monthly basis."
Guidelines for networking,Network design and configuration,"Network device event logging",ism-1963,0,Sep-24,yes,yes,yes,yes,yes,no,no,no,"Security-relevant events for internet-facing network devices are centrally logged."
Guidelines for networking,Network design and configuration,"Network device event logging",ism-1964,0,Sep-24,yes,yes,yes,yes,yes,no,no,no,"Security-relevant events for non-internet-facing network devices are centrally logged."
Guidelines for networking,Wireless networks,"Choosing wireless devices",ism-1314,2,Sep-21,yes,yes,yes,yes,yes,no,no,no,"All wireless devices are Wi-Fi Alliance certified."
Guidelines for networking,Wireless networks,"Public wireless networks",ism-0536,7,Mar-22,yes,yes,yes,yes,yes,no,no,no,"Public wireless networks provided for general public use are segregated from all other organisation networks."
Guidelines for networking,Wireless networks,"Administrative interfaces for wireless access points",ism-1315,2,Sep-18,yes,yes,yes,yes,yes,no,no,no,"The administrative interface on wireless access points is disabled for wireless network connections."
Guidelines for networking,Wireless networks,"Default settings",ism-1710,2,Dec-23,yes,yes,yes,yes,yes,no,no,no,"Settings for wireless access points are hardened."
Guidelines for networking,Wireless networks,"Default settings",ism-1316,3,Mar-22,yes,yes,yes,yes,yes,no,no,no,"Default SSIDs of wireless access points are changed."
Guidelines for networking,Wireless networks,"Default settings",ism-1317,3,Mar-22,yes,yes,yes,yes,yes,no,no,no,"SSIDs of non-public wireless networks are not readily associated with an organisation, the location of their premises or the functionality of wireless networks."
Guidelines for networking,Wireless networks,"Default settings",ism-1318,3,Mar-22,yes,yes,yes,yes,yes,no,no,no,"SSID broadcasting is not disabled on wireless access points."
Guidelines for networking,Wireless networks,"Media Access Control address filtering",ism-1320,2,Sep-18,yes,yes,yes,yes,yes,no,no,no,"MAC address filtering is not used to restrict which devices can connect to wireless networks."
Guidelines for networking,Wireless networks,"Static addressing",ism-1319,2,Sep-18,yes,yes,yes,yes,yes,no,no,no,"Static addressing is not used for assigning IP addresses on wireless networks."
Guidelines for networking,Wireless networks,"Confidentiality and integrity of wireless network traffic",ism-1332,3,Sep-21,yes,yes,yes,yes,yes,no,no,no,"WPA3-Enterprise 192-bit mode is used to protect the confidentiality and integrity of all wireless network traffic."
Guidelines for networking,Wireless networks,"802.1X authentication",ism-1321,2,Sep-21,yes,yes,yes,yes,yes,no,no,no,"802.1X authentication with EAP-TLS, using X.509 certificates, is used for mutual authentication; with all other EAP methods disabled on supplicants and authentication servers."
Guidelines for networking,Wireless networks,"802.1X authentication",ism-1711,0,Sep-21,yes,yes,yes,yes,yes,no,no,no,"User identity confidentiality is used if available with EAP-TLS implementations."
Guidelines for networking,Wireless networks,"Evaluation of 802.1X authentication implementation",ism-1322,4,Sep-21,yes,yes,yes,yes,yes,no,no,no,"Evaluated supplicants, authenticators, wireless access points and authentication servers are used in wireless networks."
Guidelines for networking,Wireless networks,"Generating and issuing certificates for authentication",ism-1324,4,Mar-22,yes,yes,yes,yes,yes,no,no,no,"Certificates are generated using an evaluated certificate authority or hardware security module."
Guidelines for networking,Wireless networks,"Generating and issuing certificates for authentication",ism-1323,4,Jun-24,yes,yes,yes,yes,yes,no,no,no,"Certificates are required for devices and users accessing wireless networks."
Guidelines for networking,Wireless networks,"Generating and issuing certificates for authentication",ism-1327,3,Jun-24,yes,yes,yes,yes,yes,no,no,no,"Certificates are protected by logical and physical access controls, encryption, and user authentication."
Guidelines for networking,Wireless networks,"Caching 802.1X authentication outcomes",ism-1330,1,Sep-18,yes,yes,yes,yes,yes,no,no,no,"The PMK caching period is not set to greater than 1440 minutes (24 hours)."
Guidelines for networking,Wireless networks,"Fast Basic Service Set Transition",ism-1712,1,Mar-22,yes,yes,yes,yes,yes,no,no,no,"The use of FT (802.11r) is disabled unless authenticator-to-authenticator communications are secured by an ASD-Approved Cryptographic Protocol."
Guidelines for networking,Wireless networks,"Remote Authentication Dial-In User Service authentication",ism-1454,2,Sep-21,yes,yes,yes,yes,yes,no,no,no,"Communications between authenticators and a RADIUS server are encapsulated with an additional layer of encryption using RADIUS over Internet Protocol Security or RADIUS over Transport Layer Security."
Guidelines for networking,Wireless networks,"Interference between wireless networks",ism-1334,2,Sep-18,yes,yes,yes,yes,yes,no,no,no,"Wireless networks implement sufficient frequency separation from other wireless networks."
Guidelines for networking,Wireless networks,"Protecting management frames on wireless networks",ism-1335,1,Sep-18,yes,yes,yes,yes,yes,no,no,no,"Wireless access points enable the use of the 802.11w amendment to protect management frames."
Guidelines for networking,Wireless networks,"Wireless network footprint",ism-1338,2,Mar-22,yes,yes,yes,yes,yes,no,no,no,"Instead of deploying a small number of wireless access points that broadcast on high power, a greater number of wireless access points that use less broadcast power are deployed to achieve the desired footprint for wireless networks."
Guidelines for networking,Wireless networks,"Wireless network footprint",ism-1013,6,Dec-21,no,no,no,yes,yes,no,no,no,"The effective range of wireless communications outside an organisation’s area of control is limited by implementing RF shielding on facilities in which SECRET or TOP SECRET wireless networks are used."
Guidelines for networking,Service continuity for online services,"Cloud-based hosting of online services",ism-1437,5,Mar-22,yes,yes,yes,yes,yes,no,no,no,"Cloud service providers are used for hosting online services."
Guidelines for networking,Service continuity for online services,"Capacity and availability planning and monitoring for online services",ism-1579,2,Jun-23,yes,yes,yes,yes,yes,no,no,no,"Cloud service providers’ ability to dynamically scale resources in response to a genuine spike in demand is discussed and verified as part of capacity and availability planning for online services."
Guidelines for networking,Service continuity for online services,"Capacity and availability planning and monitoring for online services",ism-1580,1,Dec-21,yes,yes,yes,yes,yes,no,no,no,"Where a high availability requirement exists for online services, the services are architected to automatically transition between availability zones."
Guidelines for networking,Service continuity for online services,"Capacity and availability planning and monitoring for online services",ism-1581,3,Jun-23,yes,yes,yes,yes,yes,no,no,no,"Continuous real-time monitoring of the capacity and availability of online services is performed."
Guidelines for networking,Service continuity for online services,"Using content delivery networks",ism-1438,2,Dec-21,yes,yes,yes,yes,yes,no,no,no,"Where a high availability requirement exists for website hosting, CDNs that cache websites are used."
Guidelines for networking,Service continuity for online services,"Using content delivery networks",ism-1439,3,Mar-22,yes,yes,yes,yes,yes,no,no,no,"If using CDNs, disclosing the IP addresses of web servers under an organisation’s control (referred to as origin servers) is avoided and access to the origin servers is restricted to the CDNs and authorised management networks."
Guidelines for networking,Service continuity for online services,"Denial-of-service attack mitigation strategies",ism-1431,5,Jun-23,yes,yes,yes,yes,yes,no,no,no,"Denial-of-service attack mitigation strategies are discussed with cloud service providers, specifically:

- their capacity to withstand denial-of-service attacks
- costs likely to be incurred as a result of denial-of-service attacks
- availability monitoring and thresholds for notification of denial-of-service attacks
- thresholds for turning off any online services or functionality during denial-of-service attacks
- pre-approved actions that can be undertaken during denial-of-service attacks
- any arrangements with upstream service providers to block malicious network traffic as far upstream as possible."
Guidelines for networking,Service continuity for online services,"Denial-of-service attack mitigation strategies",ism-1436,3,Jun-23,yes,yes,yes,yes,yes,no,no,no,"Critical online services are segregated from other online services that are more likely to be targeted as part of denial-of-service attacks."
Guidelines for networking,Service continuity for online services,"Denial-of-service attack mitigation strategies",ism-1432,3,Jun-23,yes,yes,yes,yes,yes,no,no,no,"Domain names for online services are protected via registrar locking and confirming that domain registration details are correct."
Guidelines for cryptography,Cryptographic fundamentals,"Communications security doctrine",ism-0499,12,Jun-25,no,no,no,yes,yes,no,no,no,"Communications security doctrine and policy produced by ASD for the management and operation of HACE is complied with."
Guidelines for cryptography,Cryptographic fundamentals,"Approved High Assurance Cryptographic Equipment",ism-1802,1,Sep-23,no,no,no,yes,yes,no,no,no,"HACE are issued an Approval for Use by ASD and operated in accordance with the latest version of their associated Australian Communications Security Instructions."
Guidelines for cryptography,Cryptographic fundamentals,"Cryptographic key management processes and procedures",ism-0507,5,Dec-22,yes,yes,yes,yes,yes,no,no,no,"Cryptographic key management processes, and supporting cryptographic key management procedures, are developed, implemented and maintained."
Guidelines for cryptography,Cryptographic fundamentals,"Encrypting data at rest",ism-1080,5,Jun-22,yes,yes,yes,yes,yes,no,no,no,"An ASD-Approved Cryptographic Algorithm (AACA) or high assurance cryptographic algorithm is used when encrypting media."
Guidelines for cryptography,Cryptographic fundamentals,"Encrypting data at rest",ism-0459,4,Dec-21,yes,yes,yes,yes,yes,no,no,no,"Full disk encryption, or partial encryption where access controls will only allow writing to the encrypted partition, is implemented when encrypting data at rest."
Guidelines for cryptography,Cryptographic fundamentals,"Encrypting data in transit",ism-0469,6,Jun-22,yes,yes,yes,yes,yes,no,no,no,"An ASD-Approved Cryptographic Protocol (AACP) or high assurance cryptographic protocol is used to protect data when communicated over network infrastructure."
Guidelines for cryptography,Cryptographic fundamentals,"Cryptographic implementation assurance",ism-0457,11,Sep-25,no,yes,yes,no,no,no,no,no,"Cryptographic equipment, applications or libraries that have completed a Common Criteria evaluation against an ASD-endorsed Protection Profile are used when encrypting media that contains OFFICIAL: Sensitive or PROTECTED data."
Guidelines for cryptography,Cryptographic fundamentals,"Cryptographic implementation assurance",ism-0460,13,Sep-23,no,no,no,yes,yes,no,no,no,"HACE is used when encrypting media that contains SECRET or TOP SECRET data."
Guidelines for cryptography,Cryptographic fundamentals,"Cryptographic implementation assurance",ism-0465,11,Sep-25,no,yes,yes,no,no,no,no,no,"Cryptographic equipment, applications or libraries that have completed a Common Criteria evaluation against an ASD-endorsed Protection Profile are used to protect OFFICIAL: Sensitive or PROTECTED data when communicated over insufficiently secure networks, outside of appropriately secure areas or via public network infrastructure."
Guidelines for cryptography,Cryptographic fundamentals,"Cryptographic implementation assurance",ism-0467,12,Sep-23,no,no,no,yes,yes,no,no,no,"HACE is used to protect SECRET and TOP SECRET data when communicated over insufficiently secure networks, outside of appropriately secure areas or via public network infrastructure."
Guidelines for cryptography,Cryptographic fundamentals,"Data recovery",ism-0455,5,Sep-25,yes,yes,yes,yes,yes,no,no,no,"Where practical, cryptographic equipment, applications and libraries provide a means of data recovery to allow for circumstances where the encryption key is unavailable due to loss, damage or failure."
Guidelines for cryptography,Cryptographic fundamentals,"Handling encrypted IT equipment and media",ism-0462,8,Jun-24,yes,yes,yes,yes,yes,no,no,no,"When a user authenticates to the encryption functionality of IT equipment or media, it is treated in accordance with its original sensitivity or classification until the user deauthenticates from the encryption functionality."
Guidelines for cryptography,Cryptographic fundamentals,"Transporting cryptographic equipment",ism-0501,6,Mar-22,yes,yes,yes,yes,yes,no,no,no,"Keyed cryptographic equipment is transported based on the sensitivity or classification of its keying material."
Guidelines for cryptography,Cryptographic fundamentals,"Reporting cryptographic-related cybersecurity incidents",ism-0142,5,Jun-23,yes,yes,yes,yes,yes,no,no,no,"The compromise or suspected compromise of cryptographic equipment or associated keying material is reported to the chief information security officer, or one of their delegates, as soon as possible after it occurs."
Guidelines for cryptography,Cryptographic fundamentals,"Reporting cryptographic-related cybersecurity incidents",ism-1091,6,Dec-21,yes,yes,yes,yes,yes,no,no,no,"Keying material is changed when compromised or suspected of being compromised."
Guidelines for cryptography,ASD-Approved Cryptographic Algorithms,"Using ASD-Approved Cryptographic Algorithms",ism-0471,9,Sep-25,yes,yes,yes,yes,yes,no,no,no,"Only AACAs or high assurance cryptographic algorithms are used by cryptographic equipment, applications and libraries."
Guidelines for cryptography,ASD-Approved Cryptographic Algorithms,"Asymmetric cryptographic algorithms",ism-0994,7,Mar-24,yes,yes,yes,yes,yes,no,no,no,"ECDH is used in preference to DH."
Guidelines for cryptography,ASD-Approved Cryptographic Algorithms,"Using Diffie-Hellman",ism-0472,7,Dec-24,yes,yes,yes,no,no,no,no,no,"When using DH for agreeing on encryption session keys, a modulus of at least 2048 bits is used, preferably 3072 bits."
Guidelines for cryptography,ASD-Approved Cryptographic Algorithms,"Using Diffie-Hellman",ism-1759,0,Mar-22,no,no,no,yes,yes,no,no,no,"When using DH for agreeing on encryption session keys, a modulus of at least 3072 bits is used, preferably 3072 bits."
Guidelines for cryptography,ASD-Approved Cryptographic Algorithms,"Using Diffie-Hellman",ism-1629,1,Dec-21,yes,yes,yes,yes,yes,no,no,no,"When using DH for agreeing on encryption session keys, a modulus and associated parameters are selected according to NIST SP 800-56A Rev. 3."
Guidelines for cryptography,ASD-Approved Cryptographic Algorithms,"Using Elliptic Curve Cryptography",ism-1446,3,Mar-24,yes,yes,yes,yes,yes,no,no,no,"When using elliptic curve cryptography, a suitable curve from NIST SP 800-186 is used."
Guidelines for cryptography,ASD-Approved Cryptographic Algorithms,"Using Elliptic Curve Diffie-Hellman",ism-0474,7,Dec-24,yes,yes,yes,no,no,no,no,no,"When using ECDH for agreeing on encryption session keys, a base point order and key size of at least 224 bits is used, preferably the NIST P-384 curve."
Guidelines for cryptography,ASD-Approved Cryptographic Algorithms,"Using Elliptic Curve Diffie-Hellman",ism-1761,0,Mar-22,no,no,no,yes,no,no,no,no,"When using ECDH for agreeing on encryption session keys, NIST P-256, P-384 or P-521 curves are used, preferably the NIST P-384 curve."
Guidelines for cryptography,ASD-Approved Cryptographic Algorithms,"Using Elliptic Curve Diffie-Hellman",ism-1762,0,Mar-22,no,no,no,no,yes,no,no,no,"When using ECDH for agreeing on encryption session keys, NIST P-384 or P-521 curves are used, preferably the NIST P-384 curve."
Guidelines for cryptography,ASD-Approved Cryptographic Algorithms,"Using the Elliptic Curve Digital Signature Algorithm",ism-0475,7,Dec-24,yes,yes,yes,no,no,no,no,no,"When using ECDSA for digital signatures, a base point order and key size of at least 224 bits is used, preferably the P-384 curve."
Guidelines for cryptography,ASD-Approved Cryptographic Algorithms,"Using the Elliptic Curve Digital Signature Algorithm",ism-1763,0,Mar-22,no,no,no,yes,no,no,no,no,"When using ECDSA for digital signatures, NIST P-256, P-384 or P-521 curves are used, preferably the NIST P-384 curve."
Guidelines for cryptography,ASD-Approved Cryptographic Algorithms,"Using the Elliptic Curve Digital Signature Algorithm",ism-1764,0,Mar-22,no,no,no,no,yes,no,no,no,"When using ECDSA for digital signatures, NIST P-384 or P-521 curves are used, preferably the NIST P-384 curve."
Guidelines for cryptography,ASD-Approved Cryptographic Algorithms,"Using post-quantum cryptographic algorithms",ism-1990,0,Dec-24,yes,yes,yes,yes,yes,no,no,no,"When using ML-DSA and ML-KEM, as per FIPS 204 and FIPS 203 respectively, adherence to pre-requisite FIPS publications is preferred."
Guidelines for cryptography,ASD-Approved Cryptographic Algorithms,"Using the Module-Lattice-Based Digital Signature Algorithm",ism-1991,0,Dec-24,yes,yes,yes,yes,yes,no,no,no,"When using ML-DSA for digital signatures, ML-DSA-65 or ML-DSA-87 is used, preferably ML-DSA-87."
Guidelines for cryptography,ASD-Approved Cryptographic Algorithms,"Using the Module-Lattice-Based Digital Signature Algorithm",ism-1992,0,Dec-24,yes,yes,yes,yes,yes,no,no,no,"When using ML-DSA for digital signatures, the hedged variant is used whenever possible."
Guidelines for cryptography,ASD-Approved Cryptographic Algorithms,"Using the Module-Lattice-Based Digital Signature Algorithm",ism-1993,0,Dec-24,yes,yes,yes,yes,yes,no,no,no,"Pre-hashed variants of ML-DSA-65 and ML-DSA-87 are only used when the performance of default variants is unacceptable."
Guidelines for cryptography,ASD-Approved Cryptographic Algorithms,"Using the Module-Lattice-Based Digital Signature Algorithm",ism-1994,0,Dec-24,yes,yes,yes,yes,yes,no,no,no,"When the pre-hashed variants of ML-DSA-65 and ML-DSA-87 are used, at least SHA-384 and SHA-512 respectively are used for pre-hashing."
Guidelines for cryptography,ASD-Approved Cryptographic Algorithms,"Using the Module-Lattice-Based Key Encapsulation Mechanism",ism-1995,0,Dec-24,yes,yes,yes,yes,yes,no,no,no,"When using ML-KEM for encapsulating encryption session keys (and similar keys), ML-KEM-768 or ML-KEM-1024 is used, preferably ML-KEM-1024."
Guidelines for cryptography,ASD-Approved Cryptographic Algorithms,"Using Rivest-Shamir-Adleman",ism-0476,8,Dec-24,yes,yes,yes,no,no,no,no,no,"When using RSA for digital signatures, and transporting encryption session keys (and similar keys), a modulus of at least 2048 bits is used, preferably 3072 bits."
Guidelines for cryptography,ASD-Approved Cryptographic Algorithms,"Using Rivest-Shamir-Adleman",ism-1765,1,Dec-24,no,no,no,yes,yes,no,no,no,"When using RSA for digital signatures, and transporting encryption session keys (and similar keys), a modulus of at least 3072 bits is used, preferably 3072 bits."
Guidelines for cryptography,ASD-Approved Cryptographic Algorithms,"Using Rivest-Shamir-Adleman",ism-0477,9,Dec-24,yes,yes,yes,yes,yes,no,no,no,"When using RSA for digital signatures, and for transporting encryption session keys (and similar keys), a different key pair is used for digital signatures and transporting encryption session keys."
Guidelines for cryptography,ASD-Approved Cryptographic Algorithms,"Using Secure Hashing Algorithms",ism-1766,1,Dec-24,yes,yes,yes,no,no,no,no,no,"When using SHA-2 for hashing, an output size of at least 224 bits is used, preferably SHA-384 or SHA-512."
Guidelines for cryptography,ASD-Approved Cryptographic Algorithms,"Using Secure Hashing Algorithms",ism-1767,1,Dec-24,no,no,no,yes,no,no,no,no,"When using SHA-2 for hashing, an output size of at least 256 bits is used, preferably SHA-384 or SHA-512."
Guidelines for cryptography,ASD-Approved Cryptographic Algorithms,"Using Secure Hashing Algorithms",ism-1768,1,Dec-24,no,no,no,no,yes,no,no,no,"When using SHA-2 for hashing, an output size of at least 384 bits is used, preferably SHA-384 or SHA-512."
Guidelines for cryptography,ASD-Approved Cryptographic Algorithms,"Using symmetric cryptographic algorithms",ism-1769,1,Dec-24,yes,yes,yes,yes,no,no,no,no,"When using AES for encryption, AES-128, AES-192 or AES-256 is used, preferably AES-256."
Guidelines for cryptography,ASD-Approved Cryptographic Algorithms,"Using symmetric cryptographic algorithms",ism-1770,0,Mar-22,no,no,no,no,yes,no,no,no,"When using AES for encryption, AES-192 or AES-256 is used, preferably AES-256."
Guidelines for cryptography,ASD-Approved Cryptographic Algorithms,"Using symmetric cryptographic algorithms",ism-0479,5,Dec-21,yes,yes,yes,yes,yes,no,no,no,"Symmetric cryptographic algorithms are not used in Electronic Codebook Mode."
Guidelines for cryptography,ASD-Approved Cryptographic Algorithms,"Transitioning to post-quantum cryptography",ism-2073,0,Sep-25,yes,yes,yes,yes,yes,no,no,no,"A post-quantum cryptography transition plan is developed, implemented and maintained."
Guidelines for cryptography,ASD-Approved Cryptographic Algorithms,"Transitioning to post-quantum cryptography",ism-1917,3,Sep-25,yes,yes,yes,yes,yes,no,no,no,"The development and procurement of new cryptographic equipment, applications and libraries ensures support for the use of ML-DSA-87, ML-KEM-1024, SHA-384, SHA-512 and AES-256 by no later than 2030."
Guidelines for cryptography,ASD-Approved Cryptographic Algorithms,"Post-quantum traditional hybrid schemes",ism-1996,0,Dec-24,yes,yes,yes,yes,yes,no,no,no,"When a post-quantum traditional hybrid scheme is used, either the post-quantum cryptographic algorithm, the traditional cryptographic algorithm or both are AACAs."
Guidelines for cryptography,ASD-Approved Cryptographic Protocols,"Using ASD-Approved Cryptographic Protocols",ism-0481,8,Sep-25,yes,yes,yes,yes,yes,no,no,no,"Only AACPs or high assurance cryptographic protocols are used by cryptographic equipment, applications and libraries."
Guidelines for cryptography,Transport Layer Security,"Configuring Transport Layer Security",ism-1139,6,Mar-22,yes,yes,yes,yes,yes,no,no,no,"Only the latest version of TLS is used for TLS connections."
Guidelines for cryptography,Transport Layer Security,"Configuring Transport Layer Security",ism-1369,3,Mar-22,yes,yes,yes,yes,yes,no,no,no,"AES-GCM is used for encryption of TLS connections."
Guidelines for cryptography,Transport Layer Security,"Configuring Transport Layer Security",ism-1370,3,Mar-22,yes,yes,yes,yes,yes,no,no,no,"Only server-initiated secure renegotiation is used for TLS connections."
Guidelines for cryptography,Transport Layer Security,"Configuring Transport Layer Security",ism-1372,3,Mar-22,yes,yes,yes,yes,yes,no,no,no,"DH or ECDH is used for key establishment of TLS connections."
Guidelines for cryptography,Transport Layer Security,"Configuring Transport Layer Security",ism-1448,2,Mar-22,yes,yes,yes,yes,yes,no,no,no,"When using DH or ECDH for key establishment of TLS connections, the ephemeral variant is used."
Guidelines for cryptography,Transport Layer Security,"Configuring Transport Layer Security",ism-1373,2,Mar-22,yes,yes,yes,yes,yes,no,no,no,"Anonymous DH is not used for TLS connections."
Guidelines for cryptography,Transport Layer Security,"Configuring Transport Layer Security",ism-1374,3,Mar-22,yes,yes,yes,yes,yes,no,no,no,"SHA-2-based certificates are used for TLS connections."
Guidelines for cryptography,Transport Layer Security,"Configuring Transport Layer Security",ism-1375,4,Mar-22,yes,yes,yes,yes,yes,no,no,no,"SHA-2 is used for the Hash-based Message Authentication Code (HMAC) and pseudorandom function (PRF) for TLS connections."
Guidelines for cryptography,Transport Layer Security,"Configuring Transport Layer Security",ism-1553,1,Mar-22,yes,yes,yes,yes,yes,no,no,no,"TLS compression is disabled for TLS connections."
Guidelines for cryptography,Transport Layer Security,"Configuring Transport Layer Security",ism-1453,1,Sep-18,yes,yes,yes,yes,yes,no,no,no,"Perfect Forward Secrecy (PFS) is used for TLS connections."
Guidelines for cryptography,Secure Shell,"Configuring Secure Shell",ism-1506,1,Mar-22,yes,yes,yes,yes,yes,no,no,no,"The use of SSH version 1 is disabled for SSH connections."
Guidelines for cryptography,Secure Shell,"Configuring Secure Shell",ism-0484,6,Dec-21,yes,yes,yes,yes,yes,no,no,no,"The SSH daemon is configured to:

- only listen on the required interfaces (ListenAddress xxx.xxx.xxx.xxx)
- have a suitable login banner (Banner x)
- have a login authentication timeout of no more than 60 seconds (LoginGraceTime 60)
- disable host-based authentication (HostbasedAuthentication no)
- disable rhosts-based authentication (IgnoreRhosts yes)
- disable the ability to login directly as root (PermitRootLogin no)
- disable empty passwords (PermitEmptyPasswords no)
- disable connection forwarding (AllowTCPForwarding no)
- disable gateway ports (GatewayPorts no)
- disable X11 forwarding (X11Forwarding no)."
Guidelines for cryptography,Secure Shell,"Authentication mechanisms",ism-0485,3,Sep-18,yes,yes,yes,yes,yes,no,no,no,"Public key-based authentication is used for SSH connections."
Guidelines for cryptography,Secure Shell,"Authentication mechanisms",ism-1449,1,Sep-18,yes,yes,yes,yes,yes,no,no,no,"SSH private keys are protected with a passphrase or a key encryption key."
Guidelines for cryptography,Secure Shell,"Automated remote access",ism-0487,5,Sep-24,yes,yes,yes,yes,yes,no,no,no,"When using logins without a passphrase for SSH connections, the following are disabled:

- access from IP addresses that do not require access
- port forwarding
- agent credential forwarding
- X11 forwarding
- console access."
Guidelines for cryptography,Secure Shell,"Automated remote access",ism-0488,4,Mar-22,yes,yes,yes,yes,yes,no,no,no,"If using remote access without the use of a passphrase for SSH connections, the ‘forced command’ option is used to specify what command is executed and parameter checking is enabled."
Guidelines for cryptography,Secure Shell,"SSH-agent",ism-0489,6,Jun-25,yes,yes,yes,yes,yes,no,no,no,"When SSH-agent or similar key caching applications are used, it is limited to workstations and servers with screen locks and key caches that are set to expire within four hours of inactivity."
Guidelines for cryptography,Secure/Multipurpose Internet Mail Extension,"Configuring Secure/Multipurpose Internet Mail Extension",ism-0490,4,Mar-22,yes,yes,yes,yes,yes,no,no,no,"Versions of S/MIME earlier than S/MIME version 3.0 are not used for S/MIME connections."
Guidelines for cryptography,Internet Protocol Security,"Mode of operation",ism-0494,3,Sep-18,yes,yes,yes,yes,yes,no,no,no,"Tunnel mode is used for IPsec connections; however, if using transport mode, an IP tunnel is used."
Guidelines for cryptography,Internet Protocol Security,"Protocol selection",ism-0496,5,Mar-22,yes,yes,yes,yes,yes,no,no,no,"The ESP protocol is used for authentication and encryption of IPsec connections."
Guidelines for cryptography,Internet Protocol Security,"Key exchange",ism-1233,2,Mar-22,yes,yes,yes,yes,yes,no,no,no,"IKE version 2 is used for key exchange when establishing IPsec connections."
Guidelines for cryptography,Internet Protocol Security,"Encryption algorithms",ism-1771,0,Mar-22,yes,yes,yes,yes,yes,no,no,no,"AES is used for encrypting IPsec connections, preferably ENCR_AES_GCM_16."
Guidelines for cryptography,Internet Protocol Security,"Pseudorandom function",ism-1772,0,Mar-22,yes,yes,yes,yes,yes,no,no,no,"PRF_HMAC_SHA2_256, PRF_HMAC_SHA2_384 or PRF_HMAC_SHA2_512 is used for IPsec connections, preferably PRF_HMAC_SHA2_512."
Guidelines for cryptography,Internet Protocol Security,"Integrity algorithms",ism-0998,5,Mar-22,yes,yes,yes,yes,yes,no,no,no,"AUTH_HMAC_SHA2_256_128, AUTH_HMAC_SHA2_384_192, AUTH_HMAC_SHA2_512_256 or NONE (only with AES-GCM) is used for authenticating IPsec connections, preferably NONE."
Guidelines for cryptography,Internet Protocol Security,"Diffie-Hellman groups",ism-0999,6,Mar-22,yes,yes,yes,yes,yes,no,no,no,"DH or ECDH is used for key establishment of IPsec connections, preferably 384-bit random ECP group, 3072-bit MODP Group or 4096-bit MODP Group."
Guidelines for cryptography,Internet Protocol Security,"Security association lifetimes",ism-0498,4,Mar-22,yes,yes,yes,yes,yes,no,no,no,"A security association lifetime of less than four hours (14400 seconds) is used for IPsec connections."
Guidelines for cryptography,Internet Protocol Security,"Perfect Forward Secrecy",ism-1000,4,Sep-18,yes,yes,yes,yes,yes,no,no,no,"PFS is used for IPsec connections."
Guidelines for gateways,Gateways,"Implementing gateways",ism-0628,6,Mar-22,yes,yes,yes,yes,yes,no,no,no,"Gateways are implemented between networks belonging to different security domains."
Guidelines for gateways,Gateways,"Implementing gateways",ism-0637,6,Mar-22,yes,yes,yes,yes,yes,no,no,no,"Gateways implement a demilitarised zone if external parties require access to an organisation’s services."
Guidelines for gateways,Gateways,"Implementing gateways",ism-0631,7,Mar-22,yes,yes,yes,yes,yes,no,no,no,"Gateways only allow explicitly authorised data flows."
Guidelines for gateways,Gateways,"Implementing gateways",ism-1192,3,Mar-22,yes,yes,yes,yes,yes,no,no,no,"Gateways inspect and filter data flows at the transport and above network layers."
Guidelines for gateways,Gateways,"Implementing gateways",ism-1427,3,Mar-22,yes,yes,yes,yes,yes,no,no,no,"Gateways perform ingress traffic filtering to detect and prevent IP source address spoofing."
Guidelines for gateways,Gateways,"System administrators for gateways",ism-1520,3,Sep-23,yes,yes,yes,yes,yes,no,no,no,"System administrators for gateways undergo appropriate employment screening, and where necessary hold an appropriate security clearance, based on the sensitivity or classification of gateways."
Guidelines for gateways,Gateways,"System administrators for gateways",ism-0613,6,Mar-22,no,no,no,yes,yes,no,no,no,"System administrators for gateways that connect to Australian Eyes Only or Releasable To networks are Australian nationals."
Guidelines for gateways,Gateways,"System administrators for gateways",ism-1773,0,Mar-22,no,no,no,yes,yes,no,no,no,"System administrators for gateways that connect to Australian Government Access Only networks are Australian nationals or seconded foreign nationals."
Guidelines for gateways,Gateways,"System administrators for gateways",ism-0611,5,Mar-22,yes,yes,yes,yes,yes,no,no,no,"System administrators for gateways are assigned the minimum privileges required to perform their duties."
Guidelines for gateways,Gateways,"System administrators for gateways",ism-0616,5,Mar-22,yes,yes,yes,yes,yes,no,no,no,"Separation of duties is implemented in performing administrative activities for gateways."
Guidelines for gateways,Gateways,"System administrators for gateways",ism-0612,5,Mar-22,yes,yes,yes,yes,yes,no,no,no,"System administrators for gateways are formally trained on the operation and management of gateways."
Guidelines for gateways,Gateways,"System administration of gateways",ism-1774,0,Mar-22,yes,yes,yes,yes,yes,no,no,no,"Gateways are managed via a secure path isolated from all connected networks."
Guidelines for gateways,Gateways,"System administration of gateways",ism-0629,5,Dec-23,yes,yes,yes,yes,yes,no,no,no,"For gateways between networks belonging to different security domains, any shared components are managed by system administrators for the higher security domain or by system administrators from a mutually agreed upon third party."
Guidelines for gateways,Gateways,"Authenticating to networks accessed via gateways",ism-0619,6,Mar-22,yes,yes,yes,yes,yes,no,no,no,"Users authenticate to other networks accessed via gateways."
Guidelines for gateways,Gateways,"Authenticating to networks accessed via gateways",ism-0622,7,Jun-24,yes,yes,yes,yes,yes,no,no,no,"IT equipment authenticates to other networks accessed via gateways."
Guidelines for gateways,Gateways,"Border Gateway Protocol routing security",ism-1783,0,Jun-22,yes,yes,yes,yes,yes,no,no,no,"Public IP addresses controlled by, or used by, an organisation are signed by valid ROA records."
Guidelines for gateways,Gateways,"Border Gateway Protocol routing security",ism-2018,0,Mar-25,yes,yes,yes,yes,yes,no,no,no,"Routes for RPKI-registered IP addresses that are advertised from invalid Autonomous Systems, or that are longer than allowed, are rejected or deprioritised by routers that exchange routes via BGP."
Guidelines for gateways,Gateways,"Gateway event logging",ism-0634,11,Sep-24,yes,yes,yes,yes,yes,no,no,no,"Security-relevant events for gateways are centrally logged, including:

- data packets and data flows permitted through gateways
- data packets and data flows attempting to leave gateways
- real-time alerts for attempted intrusions."
Guidelines for gateways,Gateways,"Assessment of gateways",ism-1037,6,Jun-22,yes,yes,yes,yes,yes,no,no,no,"Gateways undergo testing following configuration changes, and at regular intervals no more than six months apart, to validate they conform to expected security configurations."
Guidelines for gateways,Gateways,"Assessment of gateways",ism-0100,12,Mar-25,yes,yes,yes,yes,no,no,no,no,"Non-classified, OFFICIAL: Sensitive, PROTECTED and SECRET gateways undergo an IRAP assessment, using the latest release of the ISM available prior to the beginning of the IRAP assessment (or a subsequent release), at least every 24 months."
Guidelines for gateways,Gateways,"Assessment of gateways",ism-2019,0,Mar-25,no,no,no,no,yes,no,no,no,"TOP SECRET gateways undergo a security assessment by ASD assessors (or their delegates), using the latest release of the ISM available prior to the beginning of the assessment (or a subsequent release), at least every 24 months."
Guidelines for gateways,Cross Domain Solutions,"Implementing Cross Domain Solutions",ism-0626,6,Mar-22,no,no,no,yes,yes,no,no,no,"CDSs are implemented between SECRET or TOP SECRET networks and any other networks belonging to different security domains."
Guidelines for gateways,Cross Domain Solutions,"Consultation on Cross Domain Solutions",ism-0597,8,Sep-23,no,no,no,yes,yes,no,no,no,"When planning, designing, implementing or introducing additional connectivity to CDSs, ASD is consulted and any directions provided by ASD are complied with."
Guidelines for gateways,Cross Domain Solutions,"Separation of data flows",ism-0635,7,Mar-22,no,no,no,yes,yes,no,no,no,"CDSs implement isolated upward and downward network paths."
Guidelines for gateways,Cross Domain Solutions,"Separation of data flows",ism-1522,3,Mar-22,no,no,no,yes,yes,no,no,no,"CDSs implement independent security-enforcing functions for upward and downward network paths."
Guidelines for gateways,Cross Domain Solutions,"Separation of data flows",ism-1521,3,Mar-22,no,no,no,yes,yes,no,no,no,"CDSs implement protocol breaks at each network layer."
Guidelines for gateways,Cross Domain Solutions,"Cross Domain Solution event logging",ism-0670,7,Sep-24,no,no,no,yes,yes,no,no,no,"Security-relevant events for CDSs are centrally logged."
Guidelines for gateways,Cross Domain Solutions,"Cross Domain Solution event logging",ism-1523,1,Mar-22,no,no,no,yes,yes,no,no,no,"A sample of security-relevant events relating to data transfer policies are taken at least every three months and assessed against security policies for CDSs to identify any operational failures."
Guidelines for gateways,Cross Domain Solutions,"User training",ism-0610,8,Mar-22,no,no,no,yes,yes,no,no,no,"Users are trained on the secure use of CDSs before access is granted."
Guidelines for gateways,Firewalls,"Using firewalls",ism-1528,3,Mar-22,yes,yes,yes,yes,yes,no,no,no,"Evaluated firewalls are used between an organisation’s networks and public network infrastructure."
Guidelines for gateways,Firewalls,"Using firewalls",ism-0639,9,Mar-22,yes,yes,yes,yes,yes,no,no,no,"Evaluated firewalls are used between networks belonging to different security domains."
Guidelines for gateways,Web application firewalls,"Using web application firewalls",ism-1862,0,Jun-23,yes,yes,yes,yes,yes,no,no,no,"If using a WAF, disclosing the IP addresses of web servers under an organisation’s control (referred to as origin servers) is avoided and access to the origin servers is restricted to the WAF and authorised management networks."
Guidelines for gateways,Diodes,"Using diodes",ism-0643,7,Mar-22,yes,yes,yes,yes,yes,no,no,no,"Evaluated diodes are used for controlling the data flow of unidirectional gateways between an organisation’s networks and public network infrastructure."
Guidelines for gateways,Diodes,"Using diodes",ism-0645,7,Mar-22,no,no,no,yes,yes,no,no,no,"Evaluated diodes used for controlling the data flow of unidirectional gateways between SECRET or TOP SECRET networks and public network infrastructure complete a high assurance evaluation."
Guidelines for gateways,Diodes,"Using diodes",ism-1157,5,Mar-22,yes,yes,yes,yes,yes,no,no,no,"Evaluated diodes are used for controlling the data flow of unidirectional gateways between networks."
Guidelines for gateways,Diodes,"Using diodes",ism-1158,6,Mar-22,no,no,no,yes,yes,no,no,no,"Evaluated diodes used for controlling the data flow of unidirectional gateways between SECRET or TOP SECRET networks and any other networks complete a high assurance evaluation."
Guidelines for gateways,Web proxies,"Web usage policy",ism-0258,4,Dec-22,yes,yes,yes,yes,yes,no,no,no,"A web usage policy is developed, implemented and maintained."
Guidelines for gateways,Web proxies,"Using web proxies",ism-0260,3,Mar-22,yes,yes,yes,yes,yes,no,no,no,"All web access, including that by internal servers, is conducted through web proxies."
Guidelines for gateways,Web proxies,"Web proxy event logging",ism-0261,6,Dec-23,yes,yes,yes,yes,yes,no,no,no,"The following details are centrally logged for websites accessed via web proxies:

- web address
- date and time
- user
- amount of data uploaded and downloaded
- internal and external IP addresses."
Guidelines for gateways,Web content filters,"Using web content filters",ism-0963,7,Dec-22,yes,yes,yes,yes,yes,no,no,no,"Web content filtering is implemented to filter potentially harmful web-based content."
Guidelines for gateways,Web content filters,"Using web content filters",ism-0961,8,Mar-22,yes,yes,yes,yes,yes,no,no,no,"Client-side active content is restricted by web content filters to an organisation-approved list of domain names."
Guidelines for gateways,Web content filters,"Using web content filters",ism-1237,2,Mar-22,yes,yes,yes,yes,yes,no,no,no,"Web content filtering is applied to outbound web traffic where appropriate."
Guidelines for gateways,Web content filters,"Transport Layer Security filtering",ism-0263,8,Mar-22,yes,yes,yes,yes,yes,no,no,no,"TLS traffic communicated through gateways is decrypted and inspected."
Guidelines for gateways,Web content filters,"Allowing and blocking access to domain names",ism-0958,8,Mar-22,yes,yes,yes,yes,yes,no,no,no,"An organisation-approved list of domain names, or list of website categories, is implemented for all Hypertext Transfer Protocol and Hypertext Transfer Protocol Secure traffic communicated through gateways."
Guidelines for gateways,Web content filters,"Allowing and blocking access to domain names",ism-1236,2,Mar-22,yes,yes,yes,yes,yes,no,no,no,"Malicious domain names, dynamic domain names and domain names that can be registered anonymously for free are blocked by web content filters."
Guidelines for gateways,Web content filters,"Allowing and blocking access to domain names",ism-1171,2,Mar-22,yes,yes,yes,yes,yes,no,no,no,"Attempts to access websites through their IP addresses instead of their domain names are blocked by web content filters."
Guidelines for gateways,Content filtering,"Performing content filtering",ism-0659,6,Mar-22,yes,yes,yes,yes,yes,no,no,no,"Files imported or exported via gateways or CDSs undergo content filtering checks."
Guidelines for gateways,Content filtering,"Performing content filtering",ism-0651,5,Mar-22,yes,yes,yes,yes,yes,no,no,no,"Files identified by content filtering checks as malicious, or that cannot be inspected, are blocked."
Guidelines for gateways,Content filtering,"Performing content filtering",ism-0652,3,Mar-22,yes,yes,yes,yes,yes,no,no,no,"Files identified by content filtering checks as suspicious are quarantined until reviewed and subsequently approved or not approved for release."
Guidelines for gateways,Content filtering,"Performing content filtering",ism-1524,2,Mar-22,no,no,no,yes,yes,no,no,no,"Content filters used by CDSs undergo rigorous security testing to ensure they perform as expected and cannot be bypassed."
Guidelines for gateways,Content filtering,"Encrypted files",ism-1293,2,Mar-22,yes,yes,yes,yes,yes,no,no,no,"Encrypted files imported or exported via gateways or CDSs are decrypted in order to undergo content filtering checks."
Guidelines for gateways,Content filtering,"Archive files",ism-1289,2,Mar-22,yes,yes,yes,yes,yes,no,no,no,"Archive files imported or exported via gateways or CDSs are unpacked in order to undergo content filtering checks."
Guidelines for gateways,Content filtering,"Archive files",ism-1290,2,Mar-22,yes,yes,yes,yes,yes,no,no,no,"Archive files are unpacked in a controlled manner to ensure content filter performance or availability is not adversely affected."
Guidelines for gateways,Content filtering,"Antivirus scanning",ism-1288,2,Mar-22,yes,yes,yes,yes,yes,no,no,no,"Files imported or exported via gateways or CDSs undergo antivirus scanning using multiple different scanning engines."
Guidelines for gateways,Content filtering,"Automated dynamic analysis",ism-1389,2,Mar-22,yes,yes,yes,yes,yes,no,no,no,"Executable files imported via gateways or CDSs are automatically executed in a sandbox to detect any suspicious behaviour."
Guidelines for gateways,Content filtering,"Allowing specific content types",ism-0649,8,Mar-22,yes,yes,yes,yes,yes,no,no,no,"Files imported or exported via gateways or CDSs are filtered for allowed file types."
Guidelines for gateways,Content filtering,"Content validation",ism-1284,3,Mar-22,yes,yes,yes,yes,yes,no,no,no,"Files imported or exported via gateways or CDSs undergo content validation."
Guidelines for gateways,Content filtering,"Content checking",ism-1965,0,Sep-24,yes,yes,yes,yes,yes,no,no,no,"Files imported or exported via gateways or CDSs undergo content checking."
Guidelines for gateways,Content filtering,"Content conversion",ism-1286,2,Mar-22,yes,yes,yes,yes,yes,no,no,no,"Files imported or exported via gateways or CDSs undergo content conversion."
Guidelines for gateways,Content filtering,"Content sanitisation",ism-1287,2,Mar-22,yes,yes,yes,yes,yes,no,no,no,"Files imported or exported via gateways or CDSs undergo content sanitisation."
Guidelines for gateways,Content filtering,"Validating file integrity",ism-0677,7,Mar-23,yes,yes,yes,yes,yes,no,no,no,"Files imported or exported via gateways or CDSs that have a digital signature or cryptographic checksum are validated."
Guidelines for gateways,Peripheral switches,"Using peripheral switches",ism-0591,8,Mar-22,yes,yes,yes,yes,yes,no,no,no,"Evaluated peripheral switches are used when sharing peripherals between systems."
Guidelines for gateways,Peripheral switches,"Using peripheral switches",ism-1457,4,Mar-22,no,no,no,yes,yes,no,no,no,"Evaluated peripheral switches used for sharing peripherals between SECRET and TOP SECRET systems, or between SECRET or TOP SECRET systems belonging to different security domains, preferably complete a high assurance evaluation."
Guidelines for gateways,Peripheral switches,"Using peripheral switches",ism-1480,2,Mar-22,no,no,no,yes,yes,no,no,no,"Evaluated peripheral switches used for sharing peripherals between SECRET or TOP SECRET systems and any non-SECRET or TOP SECRET systems complete a high assurance evaluation."
Guidelines for data transfers,Data transfers,"Data transfer processes and procedures",ism-0663,7,Dec-22,yes,yes,yes,yes,yes,no,no,no,"Data transfer processes, and supporting data transfer procedures, are developed, implemented and maintained."
Guidelines for data transfers,Data transfers,"Data transfer processes and procedures",ism-1535,6,Jun-24,no,no,no,yes,yes,no,no,no,"Processes, and supporting procedures, are developed, implemented and maintained to prevent AUSTEO, AGAO and REL data in textual and non-textual formats from being exported to unsuitable foreign systems."
Guidelines for data transfers,Data transfers,"User responsibilities",ism-0661,8,Mar-22,yes,yes,yes,yes,yes,no,no,no,"Users transferring data to and from systems are held accountable for data transfers they perform."
Guidelines for data transfers,Data transfers,"Manual import of data",ism-0657,6,Mar-22,yes,yes,yes,yes,yes,no,no,no,"When manually importing data to systems, the data is scanned for malicious and active content."
Guidelines for data transfers,Data transfers,"Manual import of data",ism-1778,0,Mar-22,yes,yes,yes,yes,yes,no,no,no,"When manually importing data to systems, all data that fails security checks is quarantined until reviewed and subsequently approved or not approved for release."
Guidelines for data transfers,Data transfers,"Authorising export of data",ism-0664,8,Sep-25,no,no,no,yes,yes,no,no,no,"Data exported from SECRET and TOP SECRET systems is reviewed and authorised by a trustworthy source beforehand."
Guidelines for data transfers,Data transfers,"Authorising export of data",ism-0675,7,Sep-25,no,no,no,yes,yes,no,no,no,"Data authorised for export from SECRET and TOP SECRET systems is digitally signed by a trustworthy source."
Guidelines for data transfers,Data transfers,"Authorising export of data",ism-0665,8,Sep-25,no,no,no,yes,yes,no,no,no,"Trustworthy sources for SECRET and TOP SECRET systems are limited to people and services that have been verified and authorised as such by the chief information security officer."
Guidelines for data transfers,Data transfers,"Manual export of data",ism-1187,3,Mar-22,yes,yes,yes,yes,yes,no,no,no,"When manually exporting data from systems, the data is checked for unsuitable protective markings."
Guidelines for data transfers,Data transfers,"Manual export of data",ism-0669,6,Dec-22,no,no,no,yes,yes,no,no,no,"When manually exporting data from SECRET and TOP SECRET systems, digital signatures are validated and keyword checks are performed within all textual data."
Guidelines for data transfers,Data transfers,"Manual export of data",ism-1779,0,Mar-22,yes,yes,yes,yes,yes,no,no,no,"When manually exporting data from systems, all data that fails security checks is quarantined until reviewed and subsequently approved or not approved for release."
Guidelines for data transfers,Data transfers,"Monitoring data import and export",ism-1586,0,Aug-20,yes,yes,yes,yes,yes,no,no,no,"Data transfer logs are used to record all data imports and exports from systems."
Guidelines for data transfers,Data transfers,"Monitoring data import and export",ism-1294,5,Mar-22,yes,yes,yes,yes,yes,no,no,no,"Data transfer logs for systems are partially verified at least monthly."
Guidelines for data transfers,Data transfers,"Monitoring data import and export",ism-0660,9,Mar-22,no,no,no,yes,yes,no,no,no,"Data transfer logs for SECRET and TOP SECRET systems are fully verified at least monthly."
